#
# There is insufficient memory for the Java Runtime Environment to continue.
# Native memory allocation (malloc) failed to allocate 1746640 bytes for Chunk::new
# Possible reasons:
#   The system is out of physical RAM or swap space
#   The process is running with CompressedOops enabled, and the Java Heap may be blocking the growth of the native heap
# Possible solutions:
#   Reduce memory load on the system
#   Increase physical memory or swap space
#   Check if swap backing store is full
#   Decrease Java heap size (-Xmx/-Xms)
#   Decrease number of Java threads
#   Decrease Java thread stack sizes (-Xss)
#   Set larger code cache with -XX:ReservedCodeCacheSize=
#   JVM is running with Zero Based Compressed Oops mode in which the Java heap is
#     placed in the first 32GB address space. The Java Heap base address is the
#     maximum limit for the native heap growth. Please use -XX:HeapBaseMinAddress
#     to set the Java Heap base and to place the Java Heap above 32GB virtual address.
# This output file may be truncated or incomplete.
#
#  Out of Memory Error (arena.cpp:189), pid=22212, tid=31944
#
# JRE version: Java(TM) SE Runtime Environment (17.0.11+7) (build 17.0.11+7-LTS-207)
# Java VM: Java HotSpot(TM) 64-Bit Server VM (17.0.11+7-LTS-207, mixed mode, sharing, tiered, compressed oops, compressed class ptrs, g1 gc, windows-amd64)
# No core dump will be written. Minidumps are not enabled by default on client versions of Windows
#

---------------  S U M M A R Y ------------

Command Line: --add-opens=java.base/java.lang=ALL-UNNAMED --add-opens=java.base/java.lang.invoke=ALL-UNNAMED --add-opens=java.base/java.util=ALL-UNNAMED --add-opens=java.prefs/java.util.prefs=ALL-UNNAMED --add-exports=jdk.compiler/com.sun.tools.javac.api=ALL-UNNAMED --add-exports=jdk.compiler/com.sun.tools.javac.util=ALL-UNNAMED --add-opens=java.base/java.util=ALL-UNNAMED --add-opens=java.prefs/java.util.prefs=ALL-UNNAMED --add-opens=java.base/java.nio.charset=ALL-UNNAMED --add-opens=java.base/java.net=ALL-UNNAMED --add-opens=java.base/java.util.concurrent.atomic=ALL-UNNAMED --add-opens=java.xml/javax.xml.namespace=ALL-UNNAMED -XX:MaxMetaspaceSize=1024m -XX:+HeapDumpOnOutOfMemoryError -Xmx4096m -Dfile.encoding=windows-1252 -Duser.country=US -Duser.language=en -Duser.variant -javaagent:C:\Users\Admin\.gradle\wrapper\dists\gradle-8.14.3-bin\cv11ve7ro1n3o1j4so8xd9n66\gradle-8.14.3\lib\agents\gradle-instrumentation-agent-8.14.3.jar org.gradle.launcher.daemon.bootstrap.GradleDaemon 8.14.3

Host: AMD Ryzen 5 5600H with Radeon Graphics         , 12 cores, 15G,  Windows 11 , 64 bit Build 26100 (10.0.26100.7920)
Time: Fri Mar 20 16:44:45 2026 SE Asia Standard Time elapsed time: 246.336184 seconds (0d 0h 4m 6s)

---------------  T H R E A D  ---------------

Current thread (0x00000219f649f130):  JavaThread "C2 CompilerThread2" daemon [_thread_in_native, id=31944, stack(0x0000005a47100000,0x0000005a47200000)]


Current CompileTask:
C2: 246336 53209   !   4       org.jetbrains.kotlin.metadata.ProtoBuf$Type::<init> (875 bytes)

Stack: [0x0000005a47100000,0x0000005a47200000]
Native frames: (J=compiled Java code, j=interpreted, Vv=VM code, C=native code)
V  [jvm.dll+0x679cca]
V  [jvm.dll+0x7da13d]
V  [jvm.dll+0x7dba83]
V  [jvm.dll+0x7dc0f3]
V  [jvm.dll+0x2449af]
V  [jvm.dll+0xab83b]
V  [jvm.dll+0xabe1c]
V  [jvm.dll+0x3615ae]
V  [jvm.dll+0x32bd61]
V  [jvm.dll+0x32b1fa]
V  [jvm.dll+0x2161df]
V  [jvm.dll+0x21560f]
V  [jvm.dll+0x1a2040]
V  [jvm.dll+0x225a2b]
V  [jvm.dll+0x223bcb]
V  [jvm.dll+0x7903ec]
V  [jvm.dll+0x78a85a]
V  [jvm.dll+0x678bb5]
C  [ucrtbase.dll+0x37b0]
C  [KERNEL32.DLL+0x2e8d7]
C  [ntdll.dll+0x8c48c]


---------------  P R O C E S S  ---------------

Threads class SMR info:
_java_thread_list=0x00000219ee2fade0, length=256, elements={
0x00000219806d44e0, 0x00000219a59720a0, 0x00000219a5972970, 0x00000219a5981750,
0x00000219a5982020, 0x00000219a59828f0, 0x00000219a59831c0, 0x00000219a5989860,
0x00000219a599ff00, 0x00000219a59a2430, 0x00000219a59557f0, 0x00000219a5b4b230,
0x00000219e01eac50, 0x00000219df59efa0, 0x00000219e0e99120, 0x00000219e0f30060,
0x00000219e0f5fc20, 0x00000219e0fce950, 0x00000219e0fd16e0, 0x00000219e0fce440,
0x00000219e0fd07b0, 0x00000219e0fcee60, 0x00000219e0fcf880, 0x00000219e0fcf370,
0x00000219e0fd02a0, 0x00000219e0fcdf30, 0x00000219e0fd0cc0, 0x00000219e0fd11d0,
0x00000219e441eb60, 0x00000219e441e650, 0x00000219e441f070, 0x00000219e441cd00,
0x00000219e441ffa0, 0x00000219e441fa90, 0x00000219e441c7f0, 0x00000219e44204b0,
0x00000219e44209c0, 0x00000219e441d210, 0x00000219e4420ed0, 0x00000219e44213e0,
0x00000219e441dc30, 0x00000219e4422d30, 0x00000219e4422820, 0x00000219e4423240,
0x00000219e4423750, 0x00000219e4424170, 0x00000219e44218f0, 0x00000219e4421e00,
0x00000219e4422310, 0x00000219e4423c60, 0x00000219e044f8e0, 0x00000219e044da80,
0x00000219e044df90, 0x00000219e044fdf0, 0x00000219e044f3d0, 0x00000219e0450300,
0x00000219e0450810, 0x00000219e044e4a0, 0x00000219e044e9b0, 0x00000219e044d060,
0x00000219e0450d20, 0x00000219e044d570, 0x00000219e0451230, 0x00000219e0451740,
0x00000219e0451c50, 0x00000219e0452160, 0x00000219e0452670, 0x00000219e044eec0,
0x00000219e0452b80, 0x00000219e04535a0, 0x00000219e04544d0, 0x00000219e0453090,
0x00000219e0453ab0, 0x00000219e0453fc0, 0x00000219e04549e0, 0x00000219e37cde20,
0x00000219e37ce330, 0x00000219e37cd910, 0x00000219e37cc9e0, 0x00000219e37ced50,
0x00000219e37cf260, 0x00000219e37d0190, 0x00000219e37cd400, 0x00000219e37d1ff0,
0x00000219e37d06a0, 0x00000219e37d10c0, 0x00000219e37d0bb0, 0x00000219e37cf770,
0x00000219e37d15d0, 0x00000219e37d1ae0, 0x00000219e37cfc80, 0x00000219e37d2500,
0x00000219e37d3430, 0x00000219e37d2f20, 0x00000219e37d3940, 0x00000219e37d4360,
0x00000219e2772b20, 0x00000219e2773030, 0x00000219e2774e90, 0x00000219e2772100,
0x00000219e2774980, 0x00000219e2772610, 0x00000219e2773a50, 0x00000219e27716e0,
0x00000219e27753a0, 0x00000219e2773540, 0x00000219e2773f60, 0x00000219e2774470,
0x00000219e2771bf0, 0x00000219e2779060, 0x00000219e2777710, 0x00000219e2775dc0,
0x00000219e2778b50, 0x00000219e27762d0, 0x00000219e2776cf0, 0x00000219e2777200,
0x00000219e2778130, 0x00000219e27767e0, 0x00000219e27758b0, 0x00000219e2499fd0,
0x00000219e249b410, 0x00000219e249d270, 0x00000219e249be30, 0x00000219e249c850,
0x00000219e249e1a0, 0x00000219e249a9f0, 0x00000219e249e6b0, 0x00000219e249af00,
0x00000219e24a0510, 0x00000219e249ebc0, 0x00000219e249f0d0, 0x00000219e249f5e0,
0x00000219e249faf0, 0x00000219e24a0000, 0x00000219e24a1440, 0x00000219e24a0a20,
0x00000219e24a0f30, 0x00000219e2334330, 0x00000219e2335770, 0x00000219e2333910,
0x00000219e2334840, 0x00000219e23329e0, 0x00000219e2332ef0, 0x00000219e2333e20,
0x00000219e2335260, 0x00000219e2334d50, 0x00000219e2336190, 0x00000219e2335c80,
0x00000219e2333400, 0x00000219e3bf01c0, 0x00000219e3bef7a0, 0x00000219e3bf10f0,
0x00000219e3befcb0, 0x00000219e3bf06d0, 0x00000219e3bee360, 0x00000219e3bf0be0,
0x00000219e3bf1600, 0x00000219e3bede50, 0x00000219e3bf1b10, 0x00000219e3bf2020,
0x00000219e3bee870, 0x00000219e3bef290, 0x00000219e3bf2530, 0x00000219e3beed80,
0x00000219e3bf3460, 0x00000219e3bf2a40, 0x00000219e3bf3e80, 0x00000219e3bf4db0,
0x00000219e3bf3970, 0x00000219e3bf4390, 0x00000219e3bf2f50, 0x00000219e3bf48a0,
0x00000219e3bf52c0, 0x00000219e3bf57d0, 0x00000219e37ce840, 0x00000219e23284a0,
0x00000219e2327a80, 0x00000219e232a300, 0x00000219e2327f90, 0x00000219e232a810,
0x00000219e23289b0, 0x00000219e23298e0, 0x00000219e2328ec0, 0x00000219e23293d0,
0x00000219e2327570, 0x00000219e232d090, 0x00000219e232c160, 0x00000219e232cb80,
0x00000219e232c670, 0x00000219e232dfc0, 0x00000219e232ad20, 0x00000219e232e9e0,
0x00000219e5a955f0, 0x00000219e5a95b00, 0x00000219e5a93ca0, 0x00000219e5a94bd0,
0x00000219e5a92d70, 0x00000219e5a96520, 0x00000219e5a97450, 0x00000219e5a97960,
0x00000219e5a97e70, 0x00000219e232b230, 0x00000219e72ba620, 0x00000219e72bf720,
0x00000219e72c1070, 0x00000219e72bfc30, 0x00000219e72c0650, 0x00000219e72c1580,
0x00000219e72c1a90, 0x00000219e72be2e0, 0x00000219e72c24b0, 0x00000219e72c1fa0,
0x00000219e72bc990, 0x00000219e5a98890, 0x00000219e72c4310, 0x00000219e72c6b90,
0x00000219e72c5750, 0x00000219e72c33e0, 0x00000219e72c89f0, 0x00000219e72c70a0,
0x00000219e72c75b0, 0x00000219e72c7ac0, 0x00000219e72c7fd0, 0x00000219e72c84e0,
0x00000219e232b740, 0x00000219ecb813d0, 0x00000219ecb804a0, 0x00000219ecb82810,
0x00000219ecb809b0, 0x00000219ecb7ff90, 0x00000219ecb7f060, 0x00000219ecb869e0,
0x00000219ecb84b80, 0x00000219ecb84670, 0x00000219ecb85ab0, 0x00000219ecb85090,
0x00000219ecb83740, 0x00000219ecb864d0, 0x00000219ecb83c50, 0x00000219ecb8b0c0,
0x00000219ecb855a0, 0x00000219ecb81df0, 0x00000219ecb8b5d0, 0x00000219ecb8bae0,
0x00000219ecb8c500, 0x00000219ecb8bff0, 0x00000219ecb8ca10, 0x00000219e72c38f0,
0x00000219e72c5c60, 0x00000219e249c340, 0x00000219ecb89260, 0x00000219fcaac650,
0x00000219fbf7b6e0, 0x00000219fbf7acc0, 0x00000219f64a1bb0, 0x00000219f649f130
}

Java Threads: ( => current thread )
  0x00000219806d44e0 JavaThread "main" [_thread_blocked, id=34376, stack(0x0000005a3e800000,0x0000005a3e900000)]
  0x00000219a59720a0 JavaThread "Reference Handler" daemon [_thread_blocked, id=15728, stack(0x0000005a3ef00000,0x0000005a3f000000)]
  0x00000219a5972970 JavaThread "Finalizer" daemon [_thread_blocked, id=27992, stack(0x0000005a3f000000,0x0000005a3f100000)]
  0x00000219a5981750 JavaThread "Signal Dispatcher" daemon [_thread_blocked, id=16276, stack(0x0000005a3f100000,0x0000005a3f200000)]
  0x00000219a5982020 JavaThread "Attach Listener" daemon [_thread_blocked, id=12344, stack(0x0000005a3f200000,0x0000005a3f300000)]
  0x00000219a59828f0 JavaThread "Service Thread" daemon [_thread_blocked, id=34772, stack(0x0000005a3f300000,0x0000005a3f400000)]
  0x00000219a59831c0 JavaThread "Monitor Deflation Thread" daemon [_thread_blocked, id=16808, stack(0x0000005a3f400000,0x0000005a3f500000)]
  0x00000219a5989860 JavaThread "C2 CompilerThread0" daemon [_thread_in_native, id=328, stack(0x0000005a3f500000,0x0000005a3f600000)]
  0x00000219a599ff00 JavaThread "C1 CompilerThread0" daemon [_thread_in_vm, id=31860, stack(0x0000005a3f600000,0x0000005a3f700000)]
  0x00000219a59a2430 JavaThread "Sweeper thread" daemon [_thread_blocked, id=30380, stack(0x0000005a3f700000,0x0000005a3f800000)]
  0x00000219a59557f0 JavaThread "Common-Cleaner" daemon [_thread_blocked, id=32196, stack(0x0000005a3f800000,0x0000005a3f900000)]
  0x00000219a5b4b230 JavaThread "Notification Thread" daemon [_thread_blocked, id=5224, stack(0x0000005a3f900000,0x0000005a3fa00000)]
  0x00000219e01eac50 JavaThread "Daemon health stats" [_thread_blocked, id=30564, stack(0x0000005a40100000,0x0000005a40200000)]
  0x00000219df59efa0 JavaThread "Incoming local TCP Connector on port 54863" [_thread_in_native, id=20448, stack(0x0000005a3fc00000,0x0000005a3fd00000)]
  0x00000219e0e99120 JavaThread "Daemon periodic checks" [_thread_blocked, id=12192, stack(0x0000005a40200000,0x0000005a40300000)]
  0x00000219e0f30060 JavaThread "Daemon" [_thread_blocked, id=26548, stack(0x0000005a40400000,0x0000005a40500000)]
  0x00000219e0f5fc20 JavaThread "Handler for socket connection from /127.0.0.1:54863 to /127.0.0.1:54864" [_thread_in_native, id=31056, stack(0x0000005a40500000,0x0000005a40600000)]
  0x00000219e0fce950 JavaThread "Cancel handler" [_thread_blocked, id=21616, stack(0x0000005a40600000,0x0000005a40700000)]
  0x00000219e0fd16e0 JavaThread "Daemon worker" [_thread_blocked, id=21964, stack(0x0000005a40700000,0x0000005a40800000)]
  0x00000219e0fce440 JavaThread "Asynchronous log dispatcher for DefaultDaemonConnection: socket connection from /127.0.0.1:54863 to /127.0.0.1:54864" [_thread_blocked, id=33432, stack(0x0000005a40800000,0x0000005a40900000)]
  0x00000219e0fd07b0 JavaThread "Stdin handler" [_thread_blocked, id=6420, stack(0x0000005a40900000,0x0000005a40a00000)]
  0x00000219e0fcee60 JavaThread "Daemon client event forwarder" [_thread_blocked, id=34748, stack(0x0000005a40a00000,0x0000005a40b00000)]
  0x00000219e0fcf880 JavaThread "Cache worker for journal cache (C:\Users\Admin\.gradle\caches\journal-1)" [_thread_blocked, id=32296, stack(0x0000005a40300000,0x0000005a40400000)]
  0x00000219e0fcf370 JavaThread "File lock request listener" [_thread_in_native, id=32104, stack(0x0000005a40b00000,0x0000005a40c00000)]
  0x00000219e0fd02a0 JavaThread "Cache worker for file hash cache (C:\Users\Admin\.gradle\caches\8.14.3\fileHashes)" [_thread_blocked, id=16024, stack(0x0000005a40c00000,0x0000005a40d00000)]
  0x00000219e0fcdf30 JavaThread "Cache worker for file hash cache (D:\Documents\9th_semester\GRADUATEEEEE\SEP490_G28_HVH_APP\android\.gradle\8.14.3\fileHashes)" [_thread_blocked, id=23096, stack(0x0000005a40f00000,0x0000005a41000000)]
  0x00000219e0fd0cc0 JavaThread "Cache worker for Build Output Cleanup Cache (D:\Documents\9th_semester\GRADUATEEEEE\SEP490_G28_HVH_APP\android\.gradle\buildOutputCleanup)" [_thread_blocked, id=24744, stack(0x0000005a41000000,0x0000005a41100000)]
  0x00000219e0fd11d0 JavaThread "File watcher server" daemon [_thread_in_native, id=33636, stack(0x0000005a41700000,0x0000005a41800000)]
  0x00000219e441eb60 JavaThread "File watcher consumer" daemon [_thread_blocked, id=31896, stack(0x0000005a41800000,0x0000005a41900000)]
  0x00000219e441e650 JavaThread "jar transforms" [_thread_blocked, id=27900, stack(0x0000005a41a00000,0x0000005a41b00000)]
  0x00000219e441f070 JavaThread "Cache worker for checksums cache (D:\Documents\9th_semester\GRADUATEEEEE\SEP490_G28_HVH_APP\android\.gradle\8.14.3\checksums)" [_thread_blocked, id=10792, stack(0x0000005a41b00000,0x0000005a41c00000)]
  0x00000219e441cd00 JavaThread "Cache worker for file content cache (C:\Users\Admin\.gradle\caches\8.14.3\fileContent)" [_thread_blocked, id=27336, stack(0x0000005a41c00000,0x0000005a41d00000)]
  0x00000219e441ffa0 JavaThread "Exec process" [_thread_in_native, id=25940, stack(0x0000005a41d00000,0x0000005a41e00000)]
  0x00000219e441fa90 JavaThread "Exec process Thread 2" [_thread_in_native, id=384, stack(0x0000005a41e00000,0x0000005a41f00000)]
  0x00000219e441c7f0 JavaThread "Exec process Thread 3" [_thread_in_native, id=30316, stack(0x0000005a41f00000,0x0000005a42000000)]
  0x00000219e44204b0 JavaThread "Cache worker for cache directory md-supplier (C:\Users\Admin\.gradle\caches\8.14.3\md-supplier)" [_thread_blocked, id=34616, stack(0x0000005a40e00000,0x0000005a40f00000)]
  0x00000219e44209c0 JavaThread "Cache worker for cache directory md-rule (C:\Users\Admin\.gradle\caches\8.14.3\md-rule)" [_thread_blocked, id=13368, stack(0x0000005a42000000,0x0000005a42100000)]
  0x00000219e441d210 JavaThread "Cache worker for Build Output Cleanup Cache (D:\Documents\9th_semester\GRADUATEEEEE\SEP490_G28_HVH_APP\node_modules\@react-native\gradle-plugin\.gradle\buildOutputCleanup)" [_thread_blocked, id=25836, stack(0x0000005a42200000,0x0000005a42300000)]
  0x00000219e4420ed0 JavaThread "Unconstrained build operations" [_thread_blocked, id=23568, stack(0x0000005a42300000,0x0000005a42400000)]
  0x00000219e44213e0 JavaThread "Unconstrained build operations Thread 2" [_thread_blocked, id=17116, stack(0x0000005a42400000,0x0000005a42500000)]
  0x00000219e441dc30 JavaThread "Unconstrained build operations Thread 3" [_thread_blocked, id=22872, stack(0x0000005a42500000,0x0000005a42600000)]
  0x00000219e4422d30 JavaThread "Unconstrained build operations Thread 4" [_thread_blocked, id=28724, stack(0x0000005a42600000,0x0000005a42700000)]
  0x00000219e4422820 JavaThread "Unconstrained build operations Thread 5" [_thread_blocked, id=26864, stack(0x0000005a42700000,0x0000005a42800000)]
  0x00000219e4423240 JavaThread "Unconstrained build operations Thread 6" [_thread_blocked, id=25888, stack(0x0000005a42800000,0x0000005a42900000)]
  0x00000219e4423750 JavaThread "Cache worker for Build Output Cleanup Cache (D:\Documents\9th_semester\GRADUATEEEEE\SEP490_G28_HVH_APP\node_modules\expo-modules-autolinking\android\expo-gradle-plugin\.gradle\buildOutputCleanup)" [_thread_blocked, id=26644, stack(0x0000005a42100000,0x0000005a42200000)]
  0x00000219e4424170 JavaThread "Unconstrained build operations Thread 7" [_thread_in_Java, id=5760, stack(0x0000005a42a00000,0x0000005a42b00000)]
  0x00000219e44218f0 JavaThread "Unconstrained build operations Thread 8" [_thread_blocked, id=31600, stack(0x0000005a42b00000,0x0000005a42c00000)]
  0x00000219e4421e00 JavaThread "Unconstrained build operations Thread 9" [_thread_blocked, id=25688, stack(0x0000005a42c00000,0x0000005a42d00000)]
  0x00000219e4422310 JavaThread "Unconstrained build operations Thread 10" [_thread_blocked, id=24556, stack(0x0000005a42d00000,0x0000005a42e00000)]
  0x00000219e4423c60 JavaThread "Unconstrained build operations Thread 11" [_thread_blocked, id=25416, stack(0x0000005a42e00000,0x0000005a42f00000)]
  0x00000219e044f8e0 JavaThread "Unconstrained build operations Thread 12" [_thread_blocked, id=16528, stack(0x0000005a42f00000,0x0000005a43000000)]
  0x00000219e044da80 JavaThread "Unconstrained build operations Thread 13" [_thread_blocked, id=33044, stack(0x0000005a43000000,0x0000005a43100000)]
  0x00000219e044df90 JavaThread "Unconstrained build operations Thread 14" [_thread_blocked, id=32816, stack(0x0000005a43100000,0x0000005a43200000)]
  0x00000219e044fdf0 JavaThread "Unconstrained build operations Thread 15" [_thread_blocked, id=9356, stack(0x0000005a43200000,0x0000005a43300000)]
  0x00000219e044f3d0 JavaThread "Unconstrained build operations Thread 16" [_thread_blocked, id=29452, stack(0x0000005a43300000,0x0000005a43400000)]
  0x00000219e0450300 JavaThread "Unconstrained build operations Thread 17" [_thread_blocked, id=30712, stack(0x0000005a43400000,0x0000005a43500000)]
  0x00000219e0450810 JavaThread "Unconstrained build operations Thread 18" [_thread_blocked, id=29880, stack(0x0000005a43500000,0x0000005a43600000)]
  0x00000219e044e4a0 JavaThread "Unconstrained build operations Thread 19" [_thread_blocked, id=29512, stack(0x0000005a43600000,0x0000005a43700000)]
  0x00000219e044e9b0 JavaThread "Unconstrained build operations Thread 20" [_thread_blocked, id=26120, stack(0x0000005a43700000,0x0000005a43800000)]
  0x00000219e044d060 JavaThread "Unconstrained build operations Thread 21" [_thread_blocked, id=33412, stack(0x0000005a43800000,0x0000005a43900000)]
  0x00000219e0450d20 JavaThread "Unconstrained build operations Thread 22" [_thread_blocked, id=26988, stack(0x0000005a43900000,0x0000005a43a00000)]
  0x00000219e044d570 JavaThread "Unconstrained build operations Thread 23" [_thread_in_native, id=19272, stack(0x0000005a43a00000,0x0000005a43b00000)]
  0x00000219e0451230 JavaThread "Unconstrained build operations Thread 24" [_thread_in_native, id=33016, stack(0x0000005a43b00000,0x0000005a43c00000)]
  0x00000219e0451740 JavaThread "Unconstrained build operations Thread 25" [_thread_blocked, id=25528, stack(0x0000005a43c00000,0x0000005a43d00000)]
  0x00000219e0451c50 JavaThread "Unconstrained build operations Thread 26" [_thread_blocked, id=22184, stack(0x0000005a43d00000,0x0000005a43e00000)]
  0x00000219e0452160 JavaThread "Unconstrained build operations Thread 27" [_thread_blocked, id=19828, stack(0x0000005a43e00000,0x0000005a43f00000)]
  0x00000219e0452670 JavaThread "Unconstrained build operations Thread 28" [_thread_blocked, id=15000, stack(0x0000005a43f00000,0x0000005a44000000)]
  0x00000219e044eec0 JavaThread "Unconstrained build operations Thread 29" [_thread_blocked, id=19932, stack(0x0000005a44000000,0x0000005a44100000)]
  0x00000219e0452b80 JavaThread "Unconstrained build operations Thread 30" [_thread_blocked, id=14128, stack(0x0000005a44100000,0x0000005a44200000)]
  0x00000219e04535a0 JavaThread "Unconstrained build operations Thread 31" [_thread_blocked, id=33616, stack(0x0000005a44200000,0x0000005a44300000)]
  0x00000219e04544d0 JavaThread "Unconstrained build operations Thread 32" [_thread_blocked, id=25872, stack(0x0000005a44300000,0x0000005a44400000)]
  0x00000219e0453090 JavaThread "Unconstrained build operations Thread 33" [_thread_blocked, id=32124, stack(0x0000005a44400000,0x0000005a44500000)]
  0x00000219e0453ab0 JavaThread "Unconstrained build operations Thread 34" [_thread_blocked, id=29240, stack(0x0000005a44500000,0x0000005a44600000)]
  0x00000219e0453fc0 JavaThread "Unconstrained build operations Thread 35" [_thread_blocked, id=19460, stack(0x0000005a44600000,0x0000005a44700000)]
  0x00000219e04549e0 JavaThread "Unconstrained build operations Thread 36" [_thread_blocked, id=19652, stack(0x0000005a44700000,0x0000005a44800000)]
  0x00000219e37cde20 JavaThread "Unconstrained build operations Thread 37" [_thread_blocked, id=26296, stack(0x0000005a44800000,0x0000005a44900000)]
  0x00000219e37ce330 JavaThread "Unconstrained build operations Thread 38" [_thread_blocked, id=33644, stack(0x0000005a44900000,0x0000005a44a00000)]
  0x00000219e37cd910 JavaThread "Unconstrained build operations Thread 39" [_thread_blocked, id=22036, stack(0x0000005a44a00000,0x0000005a44b00000)]
  0x00000219e37cc9e0 JavaThread "build event listener" [_thread_blocked, id=8412, stack(0x0000005a42900000,0x0000005a42a00000)]
  0x00000219e37ced50 JavaThread "Memory manager" [_thread_blocked, id=22924, stack(0x0000005a44b00000,0x0000005a44c00000)]
  0x00000219e37cf260 JavaThread "Unconstrained build operations Thread 40" [_thread_in_native, id=33868, stack(0x0000005a44d00000,0x0000005a44e00000)]
  0x00000219e37d0190 JavaThread "Unconstrained build operations Thread 41" [_thread_blocked, id=31436, stack(0x0000005a44e00000,0x0000005a44f00000)]
  0x00000219e37cd400 JavaThread "Unconstrained build operations Thread 42" [_thread_blocked, id=11988, stack(0x0000005a44f00000,0x0000005a45000000)]
  0x00000219e37d1ff0 JavaThread "Unconstrained build operations Thread 43" [_thread_blocked, id=30908, stack(0x0000005a45000000,0x0000005a45100000)]
  0x00000219e37d06a0 JavaThread "Unconstrained build operations Thread 44" [_thread_blocked, id=29464, stack(0x0000005a45100000,0x0000005a45200000)]
  0x00000219e37d10c0 JavaThread "Unconstrained build operations Thread 45" [_thread_blocked, id=25364, stack(0x0000005a45200000,0x0000005a45300000)]
  0x00000219e37d0bb0 JavaThread "Unconstrained build operations Thread 46" [_thread_blocked, id=22768, stack(0x0000005a45300000,0x0000005a45400000)]
  0x00000219e37cf770 JavaThread "Unconstrained build operations Thread 47" [_thread_blocked, id=32576, stack(0x0000005a45400000,0x0000005a45500000)]
  0x00000219e37d15d0 JavaThread "Unconstrained build operations Thread 48" [_thread_blocked, id=32152, stack(0x0000005a45500000,0x0000005a45600000)]
  0x00000219e37d1ae0 JavaThread "Unconstrained build operations Thread 49" [_thread_blocked, id=15092, stack(0x0000005a45600000,0x0000005a45700000)]
  0x00000219e37cfc80 JavaThread "Unconstrained build operations Thread 50" [_thread_blocked, id=13796, stack(0x0000005a45700000,0x0000005a45800000)]
  0x00000219e37d2500 JavaThread "build event listener" [_thread_blocked, id=33208, stack(0x0000005a44c00000,0x0000005a44d00000)]
  0x00000219e37d3430 JavaThread "Unconstrained build operations Thread 51" [_thread_blocked, id=23864, stack(0x0000005a45800000,0x0000005a45900000)]
  0x00000219e37d2f20 JavaThread "Unconstrained build operations Thread 52" [_thread_in_native, id=27320, stack(0x0000005a45900000,0x0000005a45a00000)]
  0x00000219e37d3940 JavaThread "Unconstrained build operations Thread 53" [_thread_blocked, id=22364, stack(0x0000005a45a00000,0x0000005a45b00000)]
  0x00000219e37d4360 JavaThread "Unconstrained build operations Thread 54" [_thread_blocked, id=20260, stack(0x0000005a45b00000,0x0000005a45c00000)]
  0x00000219e2772b20 JavaThread "Unconstrained build operations Thread 55" [_thread_blocked, id=33888, stack(0x0000005a45c00000,0x0000005a45d00000)]
  0x00000219e2773030 JavaThread "Unconstrained build operations Thread 56" [_thread_blocked, id=26148, stack(0x0000005a45d00000,0x0000005a45e00000)]
  0x00000219e2774e90 JavaThread "Unconstrained build operations Thread 57" [_thread_blocked, id=32848, stack(0x0000005a45e00000,0x0000005a45f00000)]
  0x00000219e2772100 JavaThread "Unconstrained build operations Thread 58" [_thread_blocked, id=23732, stack(0x0000005a45f00000,0x0000005a46000000)]
  0x00000219e2774980 JavaThread "Unconstrained build operations Thread 59" [_thread_blocked, id=15624, stack(0x0000005a46000000,0x0000005a46100000)]
  0x00000219e2772610 JavaThread "Unconstrained build operations Thread 60" [_thread_blocked, id=19252, stack(0x0000005a46100000,0x0000005a46200000)]
  0x00000219e2773a50 JavaThread "Unconstrained build operations Thread 61" [_thread_blocked, id=24420, stack(0x0000005a46200000,0x0000005a46300000)]
  0x00000219e27716e0 JavaThread "Unconstrained build operations Thread 62" [_thread_blocked, id=20144, stack(0x0000005a46300000,0x0000005a46400000)]
  0x00000219e27753a0 JavaThread "Unconstrained build operations Thread 63" [_thread_blocked, id=28804, stack(0x0000005a46400000,0x0000005a46500000)]
  0x00000219e2773540 JavaThread "Unconstrained build operations Thread 64" [_thread_blocked, id=9752, stack(0x0000005a46500000,0x0000005a46600000)]
  0x00000219e2773f60 JavaThread "Unconstrained build operations Thread 65" [_thread_blocked, id=9912, stack(0x0000005a46600000,0x0000005a46700000)]
  0x00000219e2774470 JavaThread "Unconstrained build operations Thread 66" [_thread_blocked, id=1748, stack(0x0000005a46700000,0x0000005a46800000)]
  0x00000219e2771bf0 JavaThread "Unconstrained build operations Thread 67" [_thread_blocked, id=33608, stack(0x0000005a46800000,0x0000005a46900000)]
  0x00000219e2779060 JavaThread "Unconstrained build operations Thread 68" [_thread_blocked, id=15676, stack(0x0000005a46900000,0x0000005a46a00000)]
  0x00000219e2777710 JavaThread "Unconstrained build operations Thread 69" [_thread_blocked, id=28920, stack(0x0000005a46a00000,0x0000005a46b00000)]
  0x00000219e2775dc0 JavaThread "Unconstrained build operations Thread 70" [_thread_blocked, id=8552, stack(0x0000005a46b00000,0x0000005a46c00000)]
  0x00000219e2778b50 JavaThread "Unconstrained build operations Thread 71" [_thread_blocked, id=18364, stack(0x0000005a46c00000,0x0000005a46d00000)]
  0x00000219e27762d0 JavaThread "Unconstrained build operations Thread 72" [_thread_blocked, id=13548, stack(0x0000005a46d00000,0x0000005a46e00000)]
  0x00000219e2776cf0 JavaThread "Unconstrained build operations Thread 73" [_thread_blocked, id=26160, stack(0x0000005a46e00000,0x0000005a46f00000)]
  0x00000219e2777200 JavaThread "Unconstrained build operations Thread 74" [_thread_blocked, id=23856, stack(0x0000005a46f00000,0x0000005a47000000)]
  0x00000219e2778130 JavaThread "ForkJoinPool.commonPool-worker-3" daemon [_thread_blocked, id=25228, stack(0x0000005a47300000,0x0000005a47400000)]
  0x00000219e27767e0 JavaThread "ForkJoinPool.commonPool-worker-4" daemon [_thread_blocked, id=27284, stack(0x0000005a47400000,0x0000005a47500000)]
  0x00000219e27758b0 JavaThread "ForkJoinPool.commonPool-worker-5" daemon [_thread_blocked, id=3616, stack(0x0000005a47500000,0x0000005a47600000)]
  0x00000219e2499fd0 JavaThread "ForkJoinPool.commonPool-worker-6" daemon [_thread_blocked, id=32180, stack(0x0000005a47600000,0x0000005a47700000)]
  0x00000219e249b410 JavaThread "ForkJoinPool.commonPool-worker-7" daemon [_thread_blocked, id=14016, stack(0x0000005a47700000,0x0000005a47800000)]
  0x00000219e249d270 JavaThread "ForkJoinPool.commonPool-worker-9" daemon [_thread_blocked, id=1588, stack(0x0000005a47900000,0x0000005a47a00000)]
  0x00000219e249be30 JavaThread "ForkJoinPool.commonPool-worker-10" daemon [_thread_blocked, id=32352, stack(0x0000005a47a00000,0x0000005a47b00000)]
  0x00000219e249c850 JavaThread "ForkJoinPool.commonPool-worker-11" daemon [_thread_blocked, id=29012, stack(0x0000005a47000000,0x0000005a47100000)]
  0x00000219e249e1a0 JavaThread "included builds Thread 3" [_thread_blocked, id=26688, stack(0x0000005a48100000,0x0000005a48200000)]
  0x00000219e249a9f0 JavaThread "Execution worker" [_thread_blocked, id=20904, stack(0x0000005a48200000,0x0000005a48300000)]
  0x00000219e249e6b0 JavaThread "Execution worker Thread 2" [_thread_blocked, id=24500, stack(0x0000005a48300000,0x0000005a48400000)]
  0x00000219e249af00 JavaThread "Execution worker Thread 3" [_thread_blocked, id=1960, stack(0x0000005a48400000,0x0000005a48500000)]
  0x00000219e24a0510 JavaThread "Execution worker Thread 4" [_thread_blocked, id=26164, stack(0x0000005a48500000,0x0000005a48600000)]
  0x00000219e249ebc0 JavaThread "Execution worker Thread 5" [_thread_blocked, id=32948, stack(0x0000005a48600000,0x0000005a48700000)]
  0x00000219e249f0d0 JavaThread "Execution worker Thread 6" [_thread_blocked, id=13200, stack(0x0000005a48700000,0x0000005a48800000)]
  0x00000219e249f5e0 JavaThread "Execution worker Thread 7" [_thread_in_Java, id=32680, stack(0x0000005a48800000,0x0000005a48900000)]
  0x00000219e249faf0 JavaThread "Execution worker Thread 8" [_thread_blocked, id=30308, stack(0x0000005a48900000,0x0000005a48a00000)]
  0x00000219e24a0000 JavaThread "Execution worker Thread 9" [_thread_blocked, id=30244, stack(0x0000005a48a00000,0x0000005a48b00000)]
  0x00000219e24a1440 JavaThread "Execution worker Thread 10" [_thread_blocked, id=17248, stack(0x0000005a48b00000,0x0000005a48c00000)]
  0x00000219e24a0a20 JavaThread "Execution worker Thread 11" [_thread_blocked, id=15796, stack(0x0000005a48c00000,0x0000005a48d00000)]
  0x00000219e24a0f30 JavaThread "Cache worker for execution history cache (D:\Documents\9th_semester\GRADUATEEEEE\SEP490_G28_HVH_APP\node_modules\@react-native\gradle-plugin\.gradle\8.14.3\executionHistory)" [_thread_blocked, id=16516, stack(0x0000005a48d00000,0x0000005a48e00000)]
  0x00000219e2334330 JavaThread "Cache worker for execution history cache (D:\Documents\9th_semester\GRADUATEEEEE\SEP490_G28_HVH_APP\node_modules\expo-modules-autolinking\android\expo-gradle-plugin\.gradle\8.14.3\executionHistory)" [_thread_blocked, id=8392, stack(0x0000005a48e00000,0x0000005a48f00000)]
  0x00000219e2335770 JavaThread "Unconstrained build operations Thread 75" [_thread_blocked, id=7644, stack(0x0000005a48f00000,0x0000005a49000000)]
  0x00000219e2333910 JavaThread "Unconstrained build operations Thread 76" [_thread_blocked, id=27796, stack(0x0000005a49000000,0x0000005a49100000)]
  0x00000219e2334840 JavaThread "Unconstrained build operations Thread 77" [_thread_blocked, id=9936, stack(0x0000005a49100000,0x0000005a49200000)]
  0x00000219e23329e0 JavaThread "Unconstrained build operations Thread 78" [_thread_blocked, id=30428, stack(0x0000005a49200000,0x0000005a49300000)]
  0x00000219e2332ef0 JavaThread "Unconstrained build operations Thread 79" [_thread_blocked, id=24932, stack(0x0000005a49300000,0x0000005a49400000)]
  0x00000219e2333e20 JavaThread "Unconstrained build operations Thread 80" [_thread_blocked, id=12800, stack(0x0000005a49400000,0x0000005a49500000)]
  0x00000219e2335260 JavaThread "Unconstrained build operations Thread 81" [_thread_blocked, id=15672, stack(0x0000005a49500000,0x0000005a49600000)]
  0x00000219e2334d50 JavaThread "Unconstrained build operations Thread 82" [_thread_blocked, id=27568, stack(0x0000005a49600000,0x0000005a49700000)]
  0x00000219e2336190 JavaThread "Unconstrained build operations Thread 83" [_thread_blocked, id=32396, stack(0x0000005a49700000,0x0000005a49800000)]
  0x00000219e2335c80 JavaThread "Unconstrained build operations Thread 84" [_thread_blocked, id=28980, stack(0x0000005a49800000,0x0000005a49900000)]
  0x00000219e2333400 JavaThread "Unconstrained build operations Thread 85" [_thread_blocked, id=20592, stack(0x0000005a49900000,0x0000005a49a00000)]
  0x00000219e3bf01c0 JavaThread "Unconstrained build operations Thread 86" [_thread_blocked, id=34136, stack(0x0000005a49a00000,0x0000005a49b00000)]
  0x00000219e3bef7a0 JavaThread "Unconstrained build operations Thread 87" [_thread_blocked, id=32392, stack(0x0000005a49b00000,0x0000005a49c00000)]
  0x00000219e3bf10f0 JavaThread "Unconstrained build operations Thread 88" [_thread_blocked, id=24628, stack(0x0000005a49c00000,0x0000005a49d00000)]
  0x00000219e3befcb0 JavaThread "Unconstrained build operations Thread 89" [_thread_blocked, id=30124, stack(0x0000005a49d00000,0x0000005a49e00000)]
  0x00000219e3bf06d0 JavaThread "Unconstrained build operations Thread 90" [_thread_blocked, id=27516, stack(0x0000005a49e00000,0x0000005a49f00000)]
  0x00000219e3bee360 JavaThread "Unconstrained build operations Thread 91" [_thread_in_native, id=16176, stack(0x0000005a49f00000,0x0000005a4a000000)]
  0x00000219e3bf0be0 JavaThread "Unconstrained build operations Thread 92" [_thread_blocked, id=31992, stack(0x0000005a4a000000,0x0000005a4a100000)]
  0x00000219e3bf1600 JavaThread "Unconstrained build operations Thread 93" [_thread_blocked, id=27068, stack(0x0000005a4a100000,0x0000005a4a200000)]
  0x00000219e3bede50 JavaThread "Unconstrained build operations Thread 94" [_thread_blocked, id=17884, stack(0x0000005a4a200000,0x0000005a4a300000)]
  0x00000219e3bf1b10 JavaThread "Unconstrained build operations Thread 95" [_thread_blocked, id=30480, stack(0x0000005a4a300000,0x0000005a4a400000)]
  0x00000219e3bf2020 JavaThread "Unconstrained build operations Thread 96" [_thread_blocked, id=29636, stack(0x0000005a4a400000,0x0000005a4a500000)]
  0x00000219e3bee870 JavaThread "Unconstrained build operations Thread 97" [_thread_blocked, id=18952, stack(0x0000005a4a500000,0x0000005a4a600000)]
  0x00000219e3bef290 JavaThread "Unconstrained build operations Thread 98" [_thread_blocked, id=2644, stack(0x0000005a4a600000,0x0000005a4a700000)]
  0x00000219e3bf2530 JavaThread "Unconstrained build operations Thread 99" [_thread_blocked, id=12080, stack(0x0000005a4a700000,0x0000005a4a800000)]
  0x00000219e3beed80 JavaThread "Unconstrained build operations Thread 100" [_thread_blocked, id=28580, stack(0x0000005a4a800000,0x0000005a4a900000)]
  0x00000219e3bf3460 JavaThread "Unconstrained build operations Thread 101" [_thread_blocked, id=14580, stack(0x0000005a4a900000,0x0000005a4aa00000)]
  0x00000219e3bf2a40 JavaThread "Unconstrained build operations Thread 102" [_thread_blocked, id=24780, stack(0x0000005a4aa00000,0x0000005a4ab00000)]
  0x00000219e3bf3e80 JavaThread "Unconstrained build operations Thread 103" [_thread_blocked, id=6048, stack(0x0000005a4ab00000,0x0000005a4ac00000)]
  0x00000219e3bf4db0 JavaThread "Unconstrained build operations Thread 104" [_thread_blocked, id=26896, stack(0x0000005a4ac00000,0x0000005a4ad00000)]
  0x00000219e3bf3970 JavaThread "Unconstrained build operations Thread 105" [_thread_blocked, id=2380, stack(0x0000005a4ad00000,0x0000005a4ae00000)]
  0x00000219e3bf4390 JavaThread "Unconstrained build operations Thread 106" [_thread_blocked, id=28224, stack(0x0000005a4ae00000,0x0000005a4af00000)]
  0x00000219e3bf2f50 JavaThread "Unconstrained build operations Thread 107" [_thread_blocked, id=5944, stack(0x0000005a4af00000,0x0000005a4b000000)]
  0x00000219e3bf48a0 JavaThread "Unconstrained build operations Thread 108" [_thread_blocked, id=4704, stack(0x0000005a4b000000,0x0000005a4b100000)]
  0x00000219e3bf52c0 JavaThread "Unconstrained build operations Thread 109" [_thread_blocked, id=26880, stack(0x0000005a4b100000,0x0000005a4b200000)]
  0x00000219e3bf57d0 JavaThread "Unconstrained build operations Thread 110" [_thread_blocked, id=34304, stack(0x0000005a4b200000,0x0000005a4b300000)]
  0x00000219e37ce840 JavaThread "Unconstrained build operations Thread 111" [_thread_blocked, id=22024, stack(0x0000005a4b300000,0x0000005a4b400000)]
  0x00000219e23284a0 JavaThread "Unconstrained build operations Thread 112" [_thread_blocked, id=15524, stack(0x0000005a4b400000,0x0000005a4b500000)]
  0x00000219e2327a80 JavaThread "Unconstrained build operations Thread 113" [_thread_blocked, id=22084, stack(0x0000005a4b500000,0x0000005a4b600000)]
  0x00000219e232a300 JavaThread "Unconstrained build operations Thread 114" [_thread_blocked, id=32760, stack(0x0000005a4b600000,0x0000005a4b700000)]
  0x00000219e2327f90 JavaThread "Unconstrained build operations Thread 115" [_thread_blocked, id=22800, stack(0x0000005a4b700000,0x0000005a4b800000)]
  0x00000219e232a810 JavaThread "Unconstrained build operations Thread 116" [_thread_blocked, id=23844, stack(0x0000005a4b800000,0x0000005a4b900000)]
  0x00000219e23289b0 JavaThread "Unconstrained build operations Thread 117" [_thread_blocked, id=31564, stack(0x0000005a4b900000,0x0000005a4ba00000)]
  0x00000219e23298e0 JavaThread "Unconstrained build operations Thread 118" [_thread_blocked, id=32720, stack(0x0000005a4ba00000,0x0000005a4bb00000)]
  0x00000219e2328ec0 JavaThread "Unconstrained build operations Thread 119" [_thread_blocked, id=28652, stack(0x0000005a4bb00000,0x0000005a4bc00000)]
  0x00000219e23293d0 JavaThread "Unconstrained build operations Thread 120" [_thread_blocked, id=2448, stack(0x0000005a4bc00000,0x0000005a4bd00000)]
  0x00000219e2327570 JavaThread "jar transforms Thread 2" [_thread_blocked, id=11620, stack(0x0000005a40d00000,0x0000005a40e00000)]
  0x00000219e232d090 JavaThread "Cache worker for Build Output Cleanup Cache (D:\Documents\9th_semester\GRADUATEEEEE\SEP490_G28_HVH_APP\node_modules\expo-dev-launcher\expo-dev-launcher-gradle-plugin\.gradle\buildOutputCleanup)" [_thread_blocked, id=26020, stack(0x0000005a47e00000,0x0000005a47f00000)]
  0x00000219e232c160 JavaThread "Cache worker for Build Output Cleanup Cache (D:\Documents\9th_semester\GRADUATEEEEE\SEP490_G28_HVH_APP\node_modules\expo-modules-core\expo-module-gradle-plugin\.gradle\buildOutputCleanup)" [_thread_blocked, id=25852, stack(0x0000005a4bd00000,0x0000005a4be00000)]
  0x00000219e232cb80 JavaThread "build event listener" [_thread_blocked, id=24544, stack(0x0000005a4c000000,0x0000005a4c100000)]
  0x00000219e232c670 JavaThread "build event listener" [_thread_blocked, id=22044, stack(0x0000005a4c100000,0x0000005a4c200000)]
  0x00000219e232dfc0 JavaThread "jar transforms Thread 3" [_thread_blocked, id=27064, stack(0x0000005a4c200000,0x0000005a4c300000)]
  0x00000219e232ad20 JavaThread "Cache worker for execution history cache (D:\Documents\9th_semester\GRADUATEEEEE\SEP490_G28_HVH_APP\node_modules\expo-dev-launcher\expo-dev-launcher-gradle-plugin\.gradle\8.14.3\executionHistory)" [_thread_blocked, id=3044, stack(0x0000005a4c500000,0x0000005a4c600000)]
  0x00000219e232e9e0 JavaThread "Cache worker for execution history cache (D:\Documents\9th_semester\GRADUATEEEEE\SEP490_G28_HVH_APP\node_modules\expo-modules-core\expo-module-gradle-plugin\.gradle\8.14.3\executionHistory)" [_thread_blocked, id=11248, stack(0x0000005a4c600000,0x0000005a4c700000)]
  0x00000219e5a955f0 JavaThread "jar transforms Thread 4" [_thread_blocked, id=9664, stack(0x0000005a4c700000,0x0000005a4c800000)]
  0x00000219e5a95b00 JavaThread "Problems report writer" [_thread_blocked, id=1456, stack(0x0000005a4c800000,0x0000005a4c900000)]
  0x00000219e5a93ca0 JavaThread "jar transforms Thread 5" [_thread_blocked, id=11544, stack(0x0000005a4c900000,0x0000005a4ca00000)]
  0x00000219e5a94bd0 JavaThread "jar transforms Thread 6" [_thread_blocked, id=20072, stack(0x0000005a4ca00000,0x0000005a4cb00000)]
  0x00000219e5a92d70 JavaThread "build event listener" [_thread_blocked, id=22464, stack(0x0000005a4cb00000,0x0000005a4cc00000)]
  0x00000219e5a96520 JavaThread "jar transforms Thread 7" [_thread_blocked, id=12732, stack(0x0000005a4ce00000,0x0000005a4cf00000)]
  0x00000219e5a97450 JavaThread "jar transforms Thread 8" [_thread_blocked, id=16172, stack(0x0000005a4cf00000,0x0000005a4d000000)]
  0x00000219e5a97960 JavaThread "jar transforms Thread 9" [_thread_blocked, id=29868, stack(0x0000005a4d000000,0x0000005a4d100000)]
  0x00000219e5a97e70 JavaThread "jar transforms Thread 10" [_thread_blocked, id=16868, stack(0x0000005a4d100000,0x0000005a4d200000)]
  0x00000219e232b230 JavaThread "jar transforms Thread 11" [_thread_blocked, id=27292, stack(0x0000005a4d200000,0x0000005a4d300000)]
  0x00000219e72ba620 JavaThread "jar transforms Thread 12" [_thread_blocked, id=24708, stack(0x0000005a4d300000,0x0000005a4d400000)]
  0x00000219e72bf720 JavaThread "pool-3-thread-1" [_thread_blocked, id=33696, stack(0x0000005a4d400000,0x0000005a4d500000)]
  0x00000219e72c1070 JavaThread "build event listener" [_thread_blocked, id=1460, stack(0x0000005a4d500000,0x0000005a4d600000)]
  0x00000219e72bfc30 JavaThread "Cache worker for execution history cache (D:\Documents\9th_semester\GRADUATEEEEE\SEP490_G28_HVH_APP\android\.gradle\8.14.3\executionHistory)" [_thread_blocked, id=28848, stack(0x0000005a4d600000,0x0000005a4d700000)]
  0x00000219e72c0650 JavaThread "Exec process Thread 4" [_thread_in_native, id=18080, stack(0x0000005a4d700000,0x0000005a4d800000)]
  0x00000219e72c1580 JavaThread "Exec process Thread 5" [_thread_in_native, id=18020, stack(0x0000005a4d800000,0x0000005a4d900000)]
  0x00000219e72c1a90 JavaThread "Exec process Thread 6" [_thread_blocked, id=19336, stack(0x0000005a4d900000,0x0000005a4da00000)]
  0x00000219e72be2e0 JavaThread "Exec process Thread 7" [_thread_in_native, id=7312, stack(0x0000005a4da00000,0x0000005a4db00000)]
  0x00000219e72c24b0 JavaThread "Exec process Thread 8" [_thread_in_native, id=13780, stack(0x0000005a4db00000,0x0000005a4dc00000)]
  0x00000219e72c1fa0 JavaThread "Exec process Thread 9" [_thread_in_native, id=31772, stack(0x0000005a4dc00000,0x0000005a4dd00000)]
  0x00000219e72bc990 JavaThread "Cache worker for Java compile cache (C:\Users\Admin\.gradle\caches\8.14.3\javaCompile)" [_thread_blocked, id=29580, stack(0x0000005a3e700000,0x0000005a3e800000)]
  0x00000219e5a98890 JavaThread "WorkerExecutor Queue" [_thread_blocked, id=26200, stack(0x0000005a4cc00000,0x0000005a4cd00000)]
  0x00000219e72c4310 JavaThread "Build operations" [_thread_blocked, id=9700, stack(0x0000005a4cd00000,0x0000005a4ce00000)]
  0x00000219e72c6b90 JavaThread "Build operations Thread 2" [_thread_blocked, id=24660, stack(0x0000005a4dd00000,0x0000005a4de00000)]
  0x00000219e72c5750 JavaThread "Build operations Thread 3" [_thread_blocked, id=14644, stack(0x0000005a4de00000,0x0000005a4df00000)]
  0x00000219e72c33e0 JavaThread "Build operations Thread 4" [_thread_blocked, id=18356, stack(0x0000005a4df00000,0x0000005a4e000000)]
  0x00000219e72c89f0 JavaThread "Build operations Thread 5" [_thread_blocked, id=19552, stack(0x0000005a4e000000,0x0000005a4e100000)]
  0x00000219e72c70a0 JavaThread "Build operations Thread 6" [_thread_blocked, id=30464, stack(0x0000005a4e100000,0x0000005a4e200000)]
  0x00000219e72c75b0 JavaThread "Build operations Thread 7" [_thread_blocked, id=31872, stack(0x0000005a4e200000,0x0000005a4e300000)]
  0x00000219e72c7ac0 JavaThread "Build operations Thread 8" [_thread_blocked, id=25680, stack(0x0000005a4e300000,0x0000005a4e400000)]
  0x00000219e72c7fd0 JavaThread "Build operations Thread 9" [_thread_blocked, id=8492, stack(0x0000005a4e600000,0x0000005a4e700000)]
  0x00000219e72c84e0 JavaThread "Build operations Thread 10" [_thread_blocked, id=29108, stack(0x0000005a4e700000,0x0000005a4e800000)]
  0x00000219e232b740 JavaThread "Build operations Thread 11" [_thread_blocked, id=27156, stack(0x0000005a4e800000,0x0000005a4e900000)]
  0x00000219ecb813d0 JavaThread "Build operations Thread 12" [_thread_blocked, id=7004, stack(0x0000005a4e900000,0x0000005a4ea00000)]
  0x00000219ecb804a0 JavaThread "WorkerExecutor Queue Thread 2" [_thread_blocked, id=28360, stack(0x0000005a47b00000,0x0000005a47c00000)]
  0x00000219ecb82810 JavaThread "WorkerExecutor Queue Thread 3" [_thread_blocked, id=31284, stack(0x0000005a47c00000,0x0000005a47d00000)]
  0x00000219ecb809b0 JavaThread "WorkerExecutor Queue Thread 4" [_thread_in_native, id=12132, stack(0x0000005a47d00000,0x0000005a47e00000)]
  0x00000219ecb7ff90 JavaThread "WorkerExecutor Queue Thread 6" [_thread_blocked, id=21824, stack(0x0000005a4eb00000,0x0000005a4ec00000)]
  0x00000219ecb7f060 JavaThread "RMI Scheduler(0)" daemon [_thread_blocked, id=2604, stack(0x0000005a4ec00000,0x0000005a4ed00000)]
  0x00000219ecb869e0 JavaThread "WorkerExecutor Queue Thread 8" [_thread_blocked, id=28524, stack(0x0000005a4f100000,0x0000005a4f200000)]
  0x00000219ecb84b80 JavaThread "RMI GC Daemon" daemon [_thread_blocked, id=28056, stack(0x0000005a48000000,0x0000005a48100000)]
  0x00000219ecb84670 JavaThread "RMI RenewClean-[127.0.0.1:17782,org.jetbrains.kotlin.daemon.common.LoopbackNetworkInterface$ClientLoopbackSocketFactory@168a81f]" daemon [_thread_blocked, id=28540, stack(0x0000005a4c300000,0x0000005a4c400000)]
  0x00000219ecb85ab0 JavaThread "RMI TCP Accept-0" daemon [_thread_in_native, id=33136, stack(0x0000005a47f00000,0x0000005a48000000)]
  0x00000219ecb85090 JavaThread "RMI Reaper" [_thread_blocked, id=26892, stack(0x0000005a4c400000,0x0000005a4c500000)]
  0x00000219ecb83740 JavaThread "WorkerExecutor Queue Thread 9" [_thread_blocked, id=22252, stack(0x0000005a4ef00000,0x0000005a4f000000)]
  0x00000219ecb864d0 JavaThread "WorkerExecutor Queue Thread 11" [_thread_blocked, id=6380, stack(0x0000005a4f300000,0x0000005a4f400000)]
  0x00000219ecb83c50 JavaThread "WorkerExecutor Queue Thread 12" [_thread_blocked, id=29904, stack(0x0000005a4f400000,0x0000005a4f500000)]
  0x00000219ecb8b0c0 JavaThread "WorkerExecutor Queue Thread 14" [_thread_blocked, id=22448, stack(0x0000005a4f600000,0x0000005a4f700000)]
  0x00000219ecb855a0 JavaThread "WorkerExecutor Queue Thread 15" [_thread_blocked, id=24960, stack(0x0000005a3e600000,0x0000005a3e700000)]
  0x00000219ecb81df0 JavaThread "WorkerExecutor Queue Thread 16" [_thread_blocked, id=34396, stack(0x0000005a4ea00000,0x0000005a4eb00000)]
  0x00000219ecb8b5d0 JavaThread "pool-4-thread-1" [_thread_blocked, id=9536, stack(0x0000005a4f000000,0x0000005a4f100000)]
  0x00000219ecb8bae0 JavaThread "stderr" [_thread_in_native, id=33944, stack(0x0000005a4f800000,0x0000005a4f900000)]
  0x00000219ecb8c500 JavaThread "stdout" [_thread_in_native, id=31792, stack(0x0000005a4f900000,0x0000005a4fa00000)]
  0x00000219ecb8bff0 JavaThread "stderr" [_thread_in_native, id=16896, stack(0x0000005a4fa00000,0x0000005a4fb00000)]
  0x00000219ecb8ca10 JavaThread "stdout" [_thread_in_native, id=33460, stack(0x0000005a4fb00000,0x0000005a4fc00000)]
  0x00000219e72c38f0 JavaThread "RMI RenewClean-[127.0.0.1:17782,org.jetbrains.kotlin.daemon.common.LoopbackNetworkInterface$ClientLoopbackSocketFactory@43bb8d68]" daemon [_thread_blocked, id=33744, stack(0x0000005a4f700000,0x0000005a4f800000)]
  0x00000219e72c5c60 JavaThread "RMI RenewClean-[127.0.0.1:17782,org.jetbrains.kotlin.daemon.common.LoopbackNetworkInterface$ClientLoopbackSocketFactory@15326946]" daemon [_thread_blocked, id=32900, stack(0x0000005a4fd00000,0x0000005a4fe00000)]
  0x00000219e249c340 JavaThread "RMI RenewClean-[127.0.0.1:17782,org.jetbrains.kotlin.daemon.common.LoopbackNetworkInterface$ClientLoopbackSocketFactory@6297eb80]" daemon [_thread_blocked, id=28996, stack(0x0000005a50000000,0x0000005a50100000)]
  0x00000219ecb89260 JavaThread "RMI RenewClean-[127.0.0.1:17782,org.jetbrains.kotlin.daemon.common.LoopbackNetworkInterface$ClientLoopbackSocketFactory@4a38d91d]" daemon [_thread_blocked, id=26476, stack(0x0000005a50300000,0x0000005a50400000)]
  0x00000219fcaac650 JavaThread "Exec process Thread 10" [_thread_in_native, id=19508, stack(0x0000005a47200000,0x0000005a47300000)]
  0x00000219fbf7b6e0 JavaThread "Exec process Thread 11" [_thread_in_native, id=24164, stack(0x0000005a47800000,0x0000005a47900000)]
  0x00000219fbf7acc0 JavaThread "Exec process Thread 12" [_thread_in_native, id=26960, stack(0x0000005a4be00000,0x0000005a4bf00000)]
  0x00000219f64a1bb0 JavaThread "C2 CompilerThread1" daemon [_thread_in_native, id=11864, stack(0x0000005a3e500000,0x0000005a3e600000)]
=>0x00000219f649f130 JavaThread "C2 CompilerThread2" daemon [_thread_in_native, id=31944, stack(0x0000005a47100000,0x0000005a47200000)]

Other Threads:
  0x00000219a59676e0 VMThread "VM Thread" [stack: 0x0000005a3ee00000,0x0000005a3ef00000] [id=23344]
  0x000002198075d370 WatcherThread [stack: 0x0000005a3fa00000,0x0000005a3fb00000] [id=27308]
  0x0000021980741c10 GCTaskThread "GC Thread#0" [stack: 0x0000005a3e900000,0x0000005a3ea00000] [id=32028]
  0x00000219df0963d0 GCTaskThread "GC Thread#1" [stack: 0x0000005a3fd00000,0x0000005a3fe00000] [id=15348]
  0x00000219a5c5a350 GCTaskThread "GC Thread#2" [stack: 0x0000005a3fe00000,0x0000005a3ff00000] [id=2468]
  0x00000219a5c84340 GCTaskThread "GC Thread#3" [stack: 0x0000005a3ff00000,0x0000005a40000000] [id=28232]
  0x00000219a5cb9250 GCTaskThread "GC Thread#4" [stack: 0x0000005a40000000,0x0000005a40100000] [id=33120]
  0x00000219e095dc80 GCTaskThread "GC Thread#5" [stack: 0x0000005a3fb00000,0x0000005a3fc00000] [id=8528]
  0x00000219e4b8c010 GCTaskThread "GC Thread#6" [stack: 0x0000005a41100000,0x0000005a41200000] [id=32016]
  0x00000219e4b8c2d0 GCTaskThread "GC Thread#7" [stack: 0x0000005a41200000,0x0000005a41300000] [id=26376]
  0x00000219e14c9200 GCTaskThread "GC Thread#8" [stack: 0x0000005a41300000,0x0000005a41400000] [id=5756]
  0x00000219e14c94c0 GCTaskThread "GC Thread#9" [stack: 0x0000005a41400000,0x0000005a41500000] [id=20376]
  0x00000219805bdf90 ConcurrentGCThread "G1 Main Marker" [stack: 0x0000005a3ea00000,0x0000005a3eb00000] [id=12024]
  0x000002198074f470 ConcurrentGCThread "G1 Conc#0" [stack: 0x0000005a3eb00000,0x0000005a3ec00000] [id=29972]
  0x00000219e491a270 ConcurrentGCThread "G1 Conc#1" [stack: 0x0000005a41500000,0x0000005a41600000] [id=24732]
  0x00000219e4919cf0 ConcurrentGCThread "G1 Conc#2" [stack: 0x0000005a41600000,0x0000005a41700000] [id=12216]
  0x00000219a5812570 ConcurrentGCThread "G1 Refine#0" [stack: 0x0000005a3ec00000,0x0000005a3ed00000] [id=28600]
  0x00000219e3804990 ConcurrentGCThread "G1 Refine#1" [stack: 0x0000005a41900000,0x0000005a41a00000] [id=27544]
  0x00000219a5812c50 ConcurrentGCThread "G1 Service" [stack: 0x0000005a3ed00000,0x0000005a3ee00000] [id=5116]

Threads with active compile tasks:
C2 CompilerThread0   246468 53225       4       org.jetbrains.org.objectweb.asm.ClassReader::readMethod (1093 bytes)
C1 CompilerThread0   246468 53415       3       org.jetbrains.org.objectweb.asm.AnnotationWriter::visit (935 bytes)
C2 CompilerThread1   246469 53170       4       org.gradle.api.internal.DefaultDomainObjectCollection::configureEach (127 bytes)
C2 CompilerThread2   246469 53209   !   4       org.jetbrains.kotlin.metadata.ProtoBuf$Type::<init> (875 bytes)

VM state: not at safepoint (normal execution)

VM Mutex/Monitor currently owned by a thread:  ([mutex/lock_event])
[0x00000219806cd6f0] CodeCache_lock - owner thread: 0x00000219a599ff00
[0x00000219806d0510] Compile_lock - owner thread: 0x00000219a599ff00
[0x00000219806d07e0] MethodCompileQueue_lock - owner thread: 0x00000219a599ff00

Heap address: 0x0000000700000000, size: 4096 MB, Compressed Oops mode: Zero based, Oop shift amount: 3

CDS archive(s) mapped at: [0x00000219a6000000-0x00000219a6bd0000-0x00000219a6bd0000), size 12386304, SharedBaseAddress: 0x00000219a6000000, ArchiveRelocationMode: 1.
Compressed class space mapped at: 0x00000219a7000000-0x00000219db000000, reserved size: 872415232
Narrow klass base: 0x00000219a6000000, Narrow klass shift: 0, Narrow klass range: 0x100000000

GC Precious Log:
 CPUs: 12 total, 12 available
 Memory: 15720M
 Large Page Support: Disabled
 NUMA Support: Disabled
 Compressed Oops: Enabled (Zero based)
 Heap Region Size: 2M
 Heap Min Capacity: 8M
 Heap Initial Capacity: 246M
 Heap Max Capacity: 4G
 Pre-touch: Disabled
 Parallel Workers: 10
 Concurrent Workers: 3
 Concurrent Refinement Workers: 10
 Periodic GC: Disabled

Heap:
 garbage-first heap   total 1644544K, used 1333617K [0x0000000700000000, 0x0000000800000000)
  region size 2048K, 38 young (77824K), 5 survivors (10240K)
 Metaspace       used 208209K, committed 211008K, reserved 1048576K
  class space    used 26759K, committed 28032K, reserved 851968K

Heap Regions: E=young(eden), S=young(survivor), O=old, HS=humongous(starts), HC=humongous(continues), CS=collection set, F=free, OA=open archive, CA=closed archive, TAMS=top-at-mark-start (previous, next)
|   0|0x0000000700000000, 0x0000000700200000, 0x0000000700200000|100%|HS|  |TAMS 0x0000000700200000, 0x0000000700000000| Complete 
|   1|0x0000000700200000, 0x0000000700400000, 0x0000000700400000|100%|HC|  |TAMS 0x0000000700400000, 0x0000000700200000| Complete 
|   2|0x0000000700400000, 0x0000000700600000, 0x0000000700600000|100%| O|  |TAMS 0x0000000700600000, 0x0000000700400000| Untracked 
|   3|0x0000000700600000, 0x0000000700800000, 0x0000000700800000|100%| O|  |TAMS 0x0000000700800000, 0x0000000700600000| Untracked 
|   4|0x0000000700800000, 0x0000000700a00000, 0x0000000700a00000|100%| O|  |TAMS 0x0000000700a00000, 0x0000000700800000| Untracked 
|   5|0x0000000700a00000, 0x0000000700c00000, 0x0000000700c00000|100%| O|  |TAMS 0x0000000700c00000, 0x0000000700a00000| Untracked 
|   6|0x0000000700c00000, 0x0000000700e00000, 0x0000000700e00000|100%| O|  |TAMS 0x0000000700e00000, 0x0000000700c00000| Untracked 
|   7|0x0000000700e00000, 0x0000000701000000, 0x0000000701000000|100%| O|  |TAMS 0x0000000701000000, 0x0000000700e00000| Untracked 
|   8|0x0000000701000000, 0x0000000701200000, 0x0000000701200000|100%| O|  |TAMS 0x0000000701200000, 0x0000000701000000| Untracked 
|   9|0x0000000701200000, 0x0000000701400000, 0x0000000701400000|100%| O|  |TAMS 0x0000000701400000, 0x0000000701200000| Untracked 
|  10|0x0000000701400000, 0x0000000701600000, 0x0000000701600000|100%| O|  |TAMS 0x0000000701600000, 0x0000000701400000| Untracked 
|  11|0x0000000701600000, 0x0000000701800000, 0x0000000701800000|100%| O|  |TAMS 0x0000000701800000, 0x0000000701600000| Untracked 
|  12|0x0000000701800000, 0x0000000701a00000, 0x0000000701a00000|100%| O|  |TAMS 0x0000000701a00000, 0x0000000701800000| Untracked 
|  13|0x0000000701a00000, 0x0000000701c00000, 0x0000000701c00000|100%| O|  |TAMS 0x0000000701c00000, 0x0000000701a00000| Untracked 
|  14|0x0000000701c00000, 0x0000000701e00000, 0x0000000701e00000|100%| O|  |TAMS 0x0000000701e00000, 0x0000000701c00000| Untracked 
|  15|0x0000000701e00000, 0x0000000702000000, 0x0000000702000000|100%| O|  |TAMS 0x0000000702000000, 0x0000000701e00000| Untracked 
|  16|0x0000000702000000, 0x0000000702200000, 0x0000000702200000|100%| O|  |TAMS 0x0000000702200000, 0x0000000702000000| Untracked 
|  17|0x0000000702200000, 0x0000000702400000, 0x0000000702400000|100%| O|  |TAMS 0x0000000702400000, 0x0000000702200000| Untracked 
|  18|0x0000000702400000, 0x0000000702600000, 0x0000000702600000|100%| O|  |TAMS 0x0000000702600000, 0x0000000702400000| Untracked 
|  19|0x0000000702600000, 0x0000000702800000, 0x0000000702800000|100%|HS|  |TAMS 0x0000000702800000, 0x0000000702600000| Complete 
|  20|0x0000000702800000, 0x0000000702a00000, 0x0000000702a00000|100%|HC|  |TAMS 0x0000000702a00000, 0x0000000702800000| Complete 
|  21|0x0000000702a00000, 0x0000000702c00000, 0x0000000702c00000|100%| O|  |TAMS 0x0000000702c00000, 0x0000000702a00000| Untracked 
|  22|0x0000000702c00000, 0x0000000702e00000, 0x0000000702e00000|100%|HS|  |TAMS 0x0000000702e00000, 0x0000000702c00000| Complete 
|  23|0x0000000702e00000, 0x0000000703000000, 0x0000000703000000|100%|HC|  |TAMS 0x0000000703000000, 0x0000000702e00000| Complete 
|  24|0x0000000703000000, 0x0000000703200000, 0x0000000703200000|100%| O|  |TAMS 0x0000000703200000, 0x0000000703000000| Untracked 
|  25|0x0000000703200000, 0x0000000703400000, 0x0000000703400000|100%| O|  |TAMS 0x0000000703400000, 0x0000000703200000| Untracked 
|  26|0x0000000703400000, 0x0000000703600000, 0x0000000703600000|100%| O|  |TAMS 0x0000000703600000, 0x0000000703400000| Untracked 
|  27|0x0000000703600000, 0x0000000703800000, 0x0000000703800000|100%| O|  |TAMS 0x0000000703800000, 0x0000000703600000| Untracked 
|  28|0x0000000703800000, 0x0000000703a00000, 0x0000000703a00000|100%| O|  |TAMS 0x0000000703a00000, 0x0000000703800000| Untracked 
|  29|0x0000000703a00000, 0x0000000703c00000, 0x0000000703c00000|100%| O|  |TAMS 0x0000000703c00000, 0x0000000703a00000| Untracked 
|  30|0x0000000703c00000, 0x0000000703e00000, 0x0000000703e00000|100%| O|  |TAMS 0x0000000703e00000, 0x0000000703c00000| Untracked 
|  31|0x0000000703e00000, 0x0000000704000000, 0x0000000704000000|100%| O|  |TAMS 0x0000000704000000, 0x0000000703e00000| Untracked 
|  32|0x0000000704000000, 0x0000000704200000, 0x0000000704200000|100%| O|  |TAMS 0x0000000704200000, 0x0000000704000000| Untracked 
|  33|0x0000000704200000, 0x0000000704400000, 0x0000000704400000|100%| O|  |TAMS 0x0000000704400000, 0x0000000704200000| Untracked 
|  34|0x0000000704400000, 0x0000000704600000, 0x0000000704600000|100%| O|  |TAMS 0x0000000704600000, 0x0000000704400000| Untracked 
|  35|0x0000000704600000, 0x0000000704800000, 0x0000000704800000|100%| O|  |TAMS 0x0000000704800000, 0x0000000704600000| Untracked 
|  36|0x0000000704800000, 0x0000000704a00000, 0x0000000704a00000|100%| O|  |TAMS 0x0000000704a00000, 0x0000000704800000| Untracked 
|  37|0x0000000704a00000, 0x0000000704c00000, 0x0000000704c00000|100%| O|  |TAMS 0x0000000704c00000, 0x0000000704a00000| Untracked 
|  38|0x0000000704c00000, 0x0000000704e00000, 0x0000000704e00000|100%| O|  |TAMS 0x0000000704e00000, 0x0000000704c00000| Untracked 
|  39|0x0000000704e00000, 0x0000000705000000, 0x0000000705000000|100%| O|  |TAMS 0x0000000705000000, 0x0000000704e00000| Untracked 
|  40|0x0000000705000000, 0x0000000705200000, 0x0000000705200000|100%| O|  |TAMS 0x0000000705200000, 0x0000000705000000| Untracked 
|  41|0x0000000705200000, 0x0000000705400000, 0x0000000705400000|100%| O|  |TAMS 0x0000000705400000, 0x0000000705200000| Untracked 
|  42|0x0000000705400000, 0x0000000705600000, 0x0000000705600000|100%| O|  |TAMS 0x0000000705600000, 0x0000000705400000| Untracked 
|  43|0x0000000705600000, 0x0000000705800000, 0x0000000705800000|100%| O|  |TAMS 0x0000000705800000, 0x0000000705600000| Untracked 
|  44|0x0000000705800000, 0x0000000705a00000, 0x0000000705a00000|100%| O|  |TAMS 0x0000000705a00000, 0x0000000705800000| Untracked 
|  45|0x0000000705a00000, 0x0000000705c00000, 0x0000000705c00000|100%| O|  |TAMS 0x0000000705c00000, 0x0000000705a00000| Untracked 
|  46|0x0000000705c00000, 0x0000000705e00000, 0x0000000705e00000|100%| O|  |TAMS 0x0000000705e00000, 0x0000000705c00000| Untracked 
|  47|0x0000000705e00000, 0x0000000706000000, 0x0000000706000000|100%| O|  |TAMS 0x0000000706000000, 0x0000000705e00000| Untracked 
|  48|0x0000000706000000, 0x0000000706200000, 0x0000000706200000|100%| O|  |TAMS 0x0000000706200000, 0x0000000706000000| Untracked 
|  49|0x0000000706200000, 0x0000000706400000, 0x0000000706400000|100%| O|  |TAMS 0x0000000706400000, 0x0000000706200000| Untracked 
|  50|0x0000000706400000, 0x0000000706600000, 0x0000000706600000|100%| O|  |TAMS 0x0000000706600000, 0x0000000706400000| Untracked 
|  51|0x0000000706600000, 0x0000000706800000, 0x0000000706800000|100%| O|  |TAMS 0x0000000706800000, 0x0000000706600000| Untracked 
|  52|0x0000000706800000, 0x0000000706a00000, 0x0000000706a00000|100%| O|  |TAMS 0x0000000706a00000, 0x0000000706800000| Untracked 
|  53|0x0000000706a00000, 0x0000000706c00000, 0x0000000706c00000|100%| O|  |TAMS 0x0000000706c00000, 0x0000000706a00000| Untracked 
|  54|0x0000000706c00000, 0x0000000706e00000, 0x0000000706e00000|100%| O|  |TAMS 0x0000000706e00000, 0x0000000706c00000| Untracked 
|  55|0x0000000706e00000, 0x0000000707000000, 0x0000000707000000|100%| O|  |TAMS 0x0000000707000000, 0x0000000706e00000| Untracked 
|  56|0x0000000707000000, 0x0000000707200000, 0x0000000707200000|100%|HS|  |TAMS 0x0000000707200000, 0x0000000707000000| Complete 
|  57|0x0000000707200000, 0x0000000707400000, 0x0000000707400000|100%|HC|  |TAMS 0x0000000707400000, 0x0000000707200000| Complete 
|  58|0x0000000707400000, 0x0000000707600000, 0x0000000707600000|100%| O|  |TAMS 0x0000000707600000, 0x0000000707400000| Untracked 
|  59|0x0000000707600000, 0x0000000707800000, 0x0000000707800000|100%| O|  |TAMS 0x0000000707800000, 0x0000000707600000| Untracked 
|  60|0x0000000707800000, 0x0000000707a00000, 0x0000000707a00000|100%| O|  |TAMS 0x0000000707a00000, 0x0000000707800000| Untracked 
|  61|0x0000000707a00000, 0x0000000707c00000, 0x0000000707c00000|100%| O|  |TAMS 0x0000000707c00000, 0x0000000707a00000| Untracked 
|  62|0x0000000707c00000, 0x0000000707e00000, 0x0000000707e00000|100%| O|  |TAMS 0x0000000707e00000, 0x0000000707c00000| Untracked 
|  63|0x0000000707e00000, 0x0000000708000000, 0x0000000708000000|100%| O|  |TAMS 0x0000000708000000, 0x0000000707e00000| Untracked 
|  64|0x0000000708000000, 0x0000000708200000, 0x0000000708200000|100%| O|  |TAMS 0x0000000708200000, 0x0000000708000000| Untracked 
|  65|0x0000000708200000, 0x0000000708400000, 0x0000000708400000|100%| O|  |TAMS 0x0000000708400000, 0x0000000708200000| Untracked 
|  66|0x0000000708400000, 0x0000000708600000, 0x0000000708600000|100%| O|  |TAMS 0x0000000708600000, 0x0000000708400000| Untracked 
|  67|0x0000000708600000, 0x0000000708800000, 0x0000000708800000|100%| O|  |TAMS 0x0000000708800000, 0x0000000708600000| Untracked 
|  68|0x0000000708800000, 0x0000000708a00000, 0x0000000708a00000|100%| O|  |TAMS 0x0000000708a00000, 0x0000000708800000| Untracked 
|  69|0x0000000708a00000, 0x0000000708c00000, 0x0000000708c00000|100%| O|  |TAMS 0x0000000708c00000, 0x0000000708a00000| Untracked 
|  70|0x0000000708c00000, 0x0000000708e00000, 0x0000000708e00000|100%| O|  |TAMS 0x0000000708e00000, 0x0000000708c00000| Untracked 
|  71|0x0000000708e00000, 0x0000000709000000, 0x0000000709000000|100%| O|  |TAMS 0x0000000709000000, 0x0000000708e00000| Untracked 
|  72|0x0000000709000000, 0x0000000709200000, 0x0000000709200000|100%| O|  |TAMS 0x0000000709200000, 0x0000000709000000| Untracked 
|  73|0x0000000709200000, 0x0000000709400000, 0x0000000709400000|100%| O|  |TAMS 0x0000000709400000, 0x0000000709200000| Untracked 
|  74|0x0000000709400000, 0x0000000709600000, 0x0000000709600000|100%| O|  |TAMS 0x0000000709600000, 0x0000000709400000| Untracked 
|  75|0x0000000709600000, 0x0000000709800000, 0x0000000709800000|100%| O|  |TAMS 0x0000000709800000, 0x0000000709600000| Untracked 
|  76|0x0000000709800000, 0x0000000709a00000, 0x0000000709a00000|100%| O|  |TAMS 0x0000000709a00000, 0x0000000709800000| Untracked 
|  77|0x0000000709a00000, 0x0000000709c00000, 0x0000000709c00000|100%| O|  |TAMS 0x0000000709c00000, 0x0000000709a00000| Untracked 
|  78|0x0000000709c00000, 0x0000000709e00000, 0x0000000709e00000|100%| O|  |TAMS 0x0000000709e00000, 0x0000000709c00000| Untracked 
|  79|0x0000000709e00000, 0x000000070a000000, 0x000000070a000000|100%| O|  |TAMS 0x000000070a000000, 0x0000000709e00000| Untracked 
|  80|0x000000070a000000, 0x000000070a200000, 0x000000070a200000|100%| O|  |TAMS 0x000000070a200000, 0x000000070a000000| Untracked 
|  81|0x000000070a200000, 0x000000070a400000, 0x000000070a400000|100%| O|  |TAMS 0x000000070a400000, 0x000000070a200000| Untracked 
|  82|0x000000070a400000, 0x000000070a600000, 0x000000070a600000|100%| O|  |TAMS 0x000000070a400000, 0x000000070a400000| Untracked 
|  83|0x000000070a600000, 0x000000070a800000, 0x000000070a800000|100%| O|  |TAMS 0x000000070a800000, 0x000000070a600000| Untracked 
|  84|0x000000070a800000, 0x000000070aa00000, 0x000000070aa00000|100%| O|  |TAMS 0x000000070aa00000, 0x000000070a800000| Untracked 
|  85|0x000000070aa00000, 0x000000070ac00000, 0x000000070ac00000|100%| O|  |TAMS 0x000000070ac00000, 0x000000070aa00000| Untracked 
|  86|0x000000070ac00000, 0x000000070ae00000, 0x000000070ae00000|100%| O|  |TAMS 0x000000070ae00000, 0x000000070ac00000| Untracked 
|  87|0x000000070ae00000, 0x000000070b000000, 0x000000070b000000|100%| O|  |TAMS 0x000000070b000000, 0x000000070ae00000| Untracked 
|  88|0x000000070b000000, 0x000000070b200000, 0x000000070b200000|100%| O|  |TAMS 0x000000070b200000, 0x000000070b000000| Untracked 
|  89|0x000000070b200000, 0x000000070b400000, 0x000000070b400000|100%| O|  |TAMS 0x000000070b400000, 0x000000070b200000| Untracked 
|  90|0x000000070b400000, 0x000000070b600000, 0x000000070b600000|100%| O|  |TAMS 0x000000070b600000, 0x000000070b400000| Untracked 
|  91|0x000000070b600000, 0x000000070b800000, 0x000000070b800000|100%| O|  |TAMS 0x000000070b800000, 0x000000070b600000| Untracked 
|  92|0x000000070b800000, 0x000000070ba00000, 0x000000070ba00000|100%| O|  |TAMS 0x000000070ba00000, 0x000000070b800000| Untracked 
|  93|0x000000070ba00000, 0x000000070bc00000, 0x000000070bc00000|100%| O|  |TAMS 0x000000070bc00000, 0x000000070ba00000| Untracked 
|  94|0x000000070bc00000, 0x000000070be00000, 0x000000070be00000|100%| O|  |TAMS 0x000000070be00000, 0x000000070bc00000| Untracked 
|  95|0x000000070be00000, 0x000000070c000000, 0x000000070c000000|100%| O|  |TAMS 0x000000070c000000, 0x000000070be00000| Untracked 
|  96|0x000000070c000000, 0x000000070c200000, 0x000000070c200000|100%| O|  |TAMS 0x000000070c200000, 0x000000070c000000| Untracked 
|  97|0x000000070c200000, 0x000000070c400000, 0x000000070c400000|100%| O|  |TAMS 0x000000070c200000, 0x000000070c200000| Untracked 
|  98|0x000000070c400000, 0x000000070c600000, 0x000000070c600000|100%| O|  |TAMS 0x000000070c400000, 0x000000070c400000| Untracked 
|  99|0x000000070c600000, 0x000000070c800000, 0x000000070c800000|100%|HS|  |TAMS 0x000000070c800000, 0x000000070c600000| Complete 
| 100|0x000000070c800000, 0x000000070ca00000, 0x000000070ca00000|100%| O|  |TAMS 0x000000070c800000, 0x000000070c800000| Untracked 
| 101|0x000000070ca00000, 0x000000070cc00000, 0x000000070cc00000|100%| O|  |TAMS 0x000000070cc00000, 0x000000070ca00000| Untracked 
| 102|0x000000070cc00000, 0x000000070ce00000, 0x000000070ce00000|100%| O|  |TAMS 0x000000070ce00000, 0x000000070cc00000| Untracked 
| 103|0x000000070ce00000, 0x000000070d000000, 0x000000070d000000|100%| O|  |TAMS 0x000000070d000000, 0x000000070ce00000| Untracked 
| 104|0x000000070d000000, 0x000000070d200000, 0x000000070d200000|100%| O|  |TAMS 0x000000070d200000, 0x000000070d000000| Untracked 
| 105|0x000000070d200000, 0x000000070d400000, 0x000000070d400000|100%| O|  |TAMS 0x000000070d400000, 0x000000070d200000| Untracked 
| 106|0x000000070d400000, 0x000000070d600000, 0x000000070d600000|100%| O|  |TAMS 0x000000070d600000, 0x000000070d400000| Untracked 
| 107|0x000000070d600000, 0x000000070d800000, 0x000000070d800000|100%| O|  |TAMS 0x000000070d800000, 0x000000070d600000| Untracked 
| 108|0x000000070d800000, 0x000000070da00000, 0x000000070da00000|100%| O|  |TAMS 0x000000070da00000, 0x000000070d800000| Untracked 
| 109|0x000000070da00000, 0x000000070dc00000, 0x000000070dc00000|100%| O|  |TAMS 0x000000070da00000, 0x000000070da00000| Untracked 
| 110|0x000000070dc00000, 0x000000070de00000, 0x000000070de00000|100%| O|  |TAMS 0x000000070de00000, 0x000000070dc00000| Untracked 
| 111|0x000000070de00000, 0x000000070e000000, 0x000000070e000000|100%| O|  |TAMS 0x000000070e000000, 0x000000070de00000| Untracked 
| 112|0x000000070e000000, 0x000000070e200000, 0x000000070e200000|100%| O|  |TAMS 0x000000070e200000, 0x000000070e000000| Untracked 
| 113|0x000000070e200000, 0x000000070e400000, 0x000000070e400000|100%| O|  |TAMS 0x000000070e400000, 0x000000070e200000| Untracked 
| 114|0x000000070e400000, 0x000000070e600000, 0x000000070e600000|100%| O|  |TAMS 0x000000070e600000, 0x000000070e400000| Untracked 
| 115|0x000000070e600000, 0x000000070e800000, 0x000000070e800000|100%| O|  |TAMS 0x000000070e800000, 0x000000070e600000| Untracked 
| 116|0x000000070e800000, 0x000000070ea00000, 0x000000070ea00000|100%| O|  |TAMS 0x000000070ea00000, 0x000000070e800000| Untracked 
| 117|0x000000070ea00000, 0x000000070ec00000, 0x000000070ec00000|100%|HS|  |TAMS 0x000000070ec00000, 0x000000070ea00000| Complete 
| 118|0x000000070ec00000, 0x000000070ee00000, 0x000000070ee00000|100%| O|  |TAMS 0x000000070ee00000, 0x000000070ec00000| Untracked 
| 119|0x000000070ee00000, 0x000000070f000000, 0x000000070f000000|100%| O|  |TAMS 0x000000070f000000, 0x000000070ee00000| Untracked 
| 120|0x000000070f000000, 0x000000070f200000, 0x000000070f200000|100%|HS|  |TAMS 0x000000070f000000, 0x000000070f000000| Complete 
| 121|0x000000070f200000, 0x000000070f400000, 0x000000070f400000|100%| O|  |TAMS 0x000000070f400000, 0x000000070f200000| Untracked 
| 122|0x000000070f400000, 0x000000070f600000, 0x000000070f600000|100%| O|  |TAMS 0x000000070f600000, 0x000000070f400000| Untracked 
| 123|0x000000070f600000, 0x000000070f800000, 0x000000070f800000|100%| O|  |TAMS 0x000000070f800000, 0x000000070f600000| Untracked 
| 124|0x000000070f800000, 0x000000070fa00000, 0x000000070fa00000|100%| O|  |TAMS 0x000000070fa00000, 0x000000070f800000| Untracked 
| 125|0x000000070fa00000, 0x000000070fc00000, 0x000000070fc00000|100%| O|  |TAMS 0x000000070fc00000, 0x000000070fa00000| Untracked 
| 126|0x000000070fc00000, 0x000000070fe00000, 0x000000070fe00000|100%| O|  |TAMS 0x000000070fc00000, 0x000000070fc00000| Untracked 
| 127|0x000000070fe00000, 0x0000000710000000, 0x0000000710000000|100%| O|  |TAMS 0x0000000710000000, 0x000000070fe00000| Untracked 
| 128|0x0000000710000000, 0x0000000710200000, 0x0000000710200000|100%| O|  |TAMS 0x0000000710200000, 0x0000000710000000| Untracked 
| 129|0x0000000710200000, 0x0000000710400000, 0x0000000710400000|100%| O|  |TAMS 0x0000000710400000, 0x0000000710200000| Untracked 
| 130|0x0000000710400000, 0x0000000710600000, 0x0000000710600000|100%| O|  |TAMS 0x0000000710600000, 0x0000000710400000| Untracked 
| 131|0x0000000710600000, 0x0000000710800000, 0x0000000710800000|100%| O|  |TAMS 0x0000000710800000, 0x0000000710600000| Untracked 
| 132|0x0000000710800000, 0x0000000710a00000, 0x0000000710a00000|100%| O|  |TAMS 0x0000000710a00000, 0x0000000710800000| Untracked 
| 133|0x0000000710a00000, 0x0000000710c00000, 0x0000000710c00000|100%| O|  |TAMS 0x0000000710c00000, 0x0000000710a00000| Untracked 
| 134|0x0000000710c00000, 0x0000000710e00000, 0x0000000710e00000|100%| O|  |TAMS 0x0000000710e00000, 0x0000000710c00000| Untracked 
| 135|0x0000000710e00000, 0x0000000711000000, 0x0000000711000000|100%| O|  |TAMS 0x0000000710e00000, 0x0000000710e00000| Untracked 
| 136|0x0000000711000000, 0x0000000711200000, 0x0000000711200000|100%| O|  |TAMS 0x0000000711200000, 0x0000000711000000| Untracked 
| 137|0x0000000711200000, 0x0000000711400000, 0x0000000711400000|100%| O|  |TAMS 0x0000000711400000, 0x0000000711200000| Untracked 
| 138|0x0000000711400000, 0x0000000711600000, 0x0000000711600000|100%| O|  |TAMS 0x0000000711600000, 0x0000000711400000| Untracked 
| 139|0x0000000711600000, 0x0000000711800000, 0x0000000711800000|100%| O|  |TAMS 0x0000000711800000, 0x0000000711600000| Untracked 
| 140|0x0000000711800000, 0x0000000711a00000, 0x0000000711a00000|100%| O|  |TAMS 0x0000000711a00000, 0x0000000711800000| Untracked 
| 141|0x0000000711a00000, 0x0000000711c00000, 0x0000000711c00000|100%| O|  |TAMS 0x0000000711c00000, 0x0000000711a00000| Untracked 
| 142|0x0000000711c00000, 0x0000000711e00000, 0x0000000711e00000|100%| O|  |TAMS 0x0000000711e00000, 0x0000000711c00000| Untracked 
| 143|0x0000000711e00000, 0x0000000712000000, 0x0000000712000000|100%| O|  |TAMS 0x0000000712000000, 0x0000000711e00000| Untracked 
| 144|0x0000000712000000, 0x0000000712200000, 0x0000000712200000|100%| O|  |TAMS 0x0000000712000000, 0x0000000712000000| Untracked 
| 145|0x0000000712200000, 0x0000000712400000, 0x0000000712400000|100%| O|  |TAMS 0x0000000712400000, 0x0000000712200000| Untracked 
| 146|0x0000000712400000, 0x0000000712600000, 0x0000000712600000|100%| O|  |TAMS 0x0000000712600000, 0x0000000712400000| Untracked 
| 147|0x0000000712600000, 0x0000000712800000, 0x0000000712800000|100%| O|  |TAMS 0x0000000712800000, 0x0000000712600000| Untracked 
| 148|0x0000000712800000, 0x0000000712a00000, 0x0000000712a00000|100%| O|  |TAMS 0x0000000712a00000, 0x0000000712800000| Untracked 
| 149|0x0000000712a00000, 0x0000000712c00000, 0x0000000712c00000|100%| O|  |TAMS 0x0000000712c00000, 0x0000000712a00000| Untracked 
| 150|0x0000000712c00000, 0x0000000712e00000, 0x0000000712e00000|100%| O|  |TAMS 0x0000000712e00000, 0x0000000712c00000| Untracked 
| 151|0x0000000712e00000, 0x0000000713000000, 0x0000000713000000|100%| O|  |TAMS 0x0000000713000000, 0x0000000712e00000| Untracked 
| 152|0x0000000713000000, 0x0000000713200000, 0x0000000713200000|100%| O|  |TAMS 0x0000000713200000, 0x0000000713000000| Untracked 
| 153|0x0000000713200000, 0x0000000713400000, 0x0000000713400000|100%| O|  |TAMS 0x0000000713200000, 0x0000000713200000| Untracked 
| 154|0x0000000713400000, 0x0000000713600000, 0x0000000713600000|100%| O|  |TAMS 0x0000000713600000, 0x0000000713400000| Untracked 
| 155|0x0000000713600000, 0x0000000713800000, 0x0000000713800000|100%| O|  |TAMS 0x0000000713800000, 0x0000000713600000| Untracked 
| 156|0x0000000713800000, 0x0000000713a00000, 0x0000000713a00000|100%| O|  |TAMS 0x0000000713a00000, 0x0000000713800000| Untracked 
| 157|0x0000000713a00000, 0x0000000713c00000, 0x0000000713c00000|100%| O|  |TAMS 0x0000000713c00000, 0x0000000713a00000| Untracked 
| 158|0x0000000713c00000, 0x0000000713e00000, 0x0000000713e00000|100%| O|  |TAMS 0x0000000713e00000, 0x0000000713c00000| Untracked 
| 159|0x0000000713e00000, 0x0000000714000000, 0x0000000714000000|100%| O|  |TAMS 0x0000000713e00000, 0x0000000713e00000| Untracked 
| 160|0x0000000714000000, 0x0000000714200000, 0x0000000714200000|100%| O|  |TAMS 0x0000000714200000, 0x0000000714000000| Untracked 
| 161|0x0000000714200000, 0x0000000714400000, 0x0000000714400000|100%| O|  |TAMS 0x0000000714400000, 0x0000000714200000| Untracked 
| 162|0x0000000714400000, 0x0000000714600000, 0x0000000714600000|100%| O|  |TAMS 0x0000000714600000, 0x0000000714400000| Untracked 
| 163|0x0000000714600000, 0x0000000714800000, 0x0000000714800000|100%| O|  |TAMS 0x0000000714800000, 0x0000000714600000| Untracked 
| 164|0x0000000714800000, 0x0000000714a00000, 0x0000000714a00000|100%| O|  |TAMS 0x0000000714a00000, 0x0000000714800000| Untracked 
| 165|0x0000000714a00000, 0x0000000714c00000, 0x0000000714c00000|100%| O|  |TAMS 0x0000000714c00000, 0x0000000714a00000| Untracked 
| 166|0x0000000714c00000, 0x0000000714e00000, 0x0000000714e00000|100%| O|  |TAMS 0x0000000714e00000, 0x0000000714c00000| Untracked 
| 167|0x0000000714e00000, 0x0000000715000000, 0x0000000715000000|100%| O|  |TAMS 0x0000000715000000, 0x0000000714e00000| Untracked 
| 168|0x0000000715000000, 0x0000000715200000, 0x0000000715200000|100%| O|  |TAMS 0x0000000715200000, 0x0000000715000000| Untracked 
| 169|0x0000000715200000, 0x0000000715400000, 0x0000000715400000|100%| O|  |TAMS 0x0000000715400000, 0x0000000715200000| Untracked 
| 170|0x0000000715400000, 0x0000000715600000, 0x0000000715600000|100%|HS|  |TAMS 0x0000000715600000, 0x0000000715400000| Complete 
| 171|0x0000000715600000, 0x0000000715800000, 0x0000000715800000|100%|HC|  |TAMS 0x0000000715800000, 0x0000000715600000| Complete 
| 172|0x0000000715800000, 0x0000000715a00000, 0x0000000715a00000|100%| O|  |TAMS 0x0000000715a00000, 0x0000000715800000| Untracked 
| 173|0x0000000715a00000, 0x0000000715c00000, 0x0000000715c00000|100%| O|  |TAMS 0x0000000715c00000, 0x0000000715a00000| Untracked 
| 174|0x0000000715c00000, 0x0000000715e00000, 0x0000000715e00000|100%| O|  |TAMS 0x0000000715e00000, 0x0000000715c00000| Untracked 
| 175|0x0000000715e00000, 0x0000000716000000, 0x0000000716000000|100%| O|  |TAMS 0x0000000716000000, 0x0000000715e00000| Untracked 
| 176|0x0000000716000000, 0x0000000716200000, 0x0000000716200000|100%| O|  |TAMS 0x0000000716200000, 0x0000000716000000| Untracked 
| 177|0x0000000716200000, 0x0000000716400000, 0x0000000716400000|100%| O|  |TAMS 0x0000000716400000, 0x0000000716200000| Untracked 
| 178|0x0000000716400000, 0x0000000716600000, 0x0000000716600000|100%| O|  |TAMS 0x0000000716400000, 0x0000000716400000| Untracked 
| 179|0x0000000716600000, 0x0000000716800000, 0x0000000716800000|100%| O|  |TAMS 0x0000000716600000, 0x0000000716600000| Untracked 
| 180|0x0000000716800000, 0x0000000716a00000, 0x0000000716a00000|100%| O|  |TAMS 0x0000000716800000, 0x0000000716800000| Untracked 
| 181|0x0000000716a00000, 0x0000000716c00000, 0x0000000716c00000|100%| O|  |TAMS 0x0000000716a00000, 0x0000000716a00000| Untracked 
| 182|0x0000000716c00000, 0x0000000716e00000, 0x0000000716e00000|100%| O|  |TAMS 0x0000000716c00000, 0x0000000716c00000| Untracked 
| 183|0x0000000716e00000, 0x0000000717000000, 0x0000000717000000|100%| O|  |TAMS 0x0000000716e00000, 0x0000000716e00000| Untracked 
| 184|0x0000000717000000, 0x0000000717200000, 0x0000000717200000|100%| O|  |TAMS 0x0000000717000000, 0x0000000717000000| Untracked 
| 185|0x0000000717200000, 0x0000000717400000, 0x0000000717400000|100%| O|  |TAMS 0x0000000717200000, 0x0000000717200000| Untracked 
| 186|0x0000000717400000, 0x0000000717600000, 0x0000000717600000|100%| O|  |TAMS 0x0000000717400000, 0x0000000717400000| Untracked 
| 187|0x0000000717600000, 0x0000000717800000, 0x0000000717800000|100%| O|  |TAMS 0x0000000717600000, 0x0000000717600000| Untracked 
| 188|0x0000000717800000, 0x0000000717a00000, 0x0000000717a00000|100%| O|  |TAMS 0x0000000717800000, 0x0000000717800000| Untracked 
| 189|0x0000000717a00000, 0x0000000717c00000, 0x0000000717c00000|100%| O|  |TAMS 0x0000000717a00000, 0x0000000717a00000| Untracked 
| 190|0x0000000717c00000, 0x0000000717e00000, 0x0000000717e00000|100%| O|  |TAMS 0x0000000717c00000, 0x0000000717c00000| Untracked 
| 191|0x0000000717e00000, 0x0000000718000000, 0x0000000718000000|100%| O|  |TAMS 0x0000000717e00000, 0x0000000717e00000| Untracked 
| 192|0x0000000718000000, 0x0000000718200000, 0x0000000718200000|100%| O|  |TAMS 0x0000000718000000, 0x0000000718000000| Untracked 
| 193|0x0000000718200000, 0x0000000718400000, 0x0000000718400000|100%| O|  |TAMS 0x0000000718200000, 0x0000000718200000| Untracked 
| 194|0x0000000718400000, 0x0000000718600000, 0x0000000718600000|100%| O|  |TAMS 0x0000000718400000, 0x0000000718400000| Untracked 
| 195|0x0000000718600000, 0x0000000718800000, 0x0000000718800000|100%| O|  |TAMS 0x0000000718600000, 0x0000000718600000| Untracked 
| 196|0x0000000718800000, 0x0000000718a00000, 0x0000000718a00000|100%| O|  |TAMS 0x0000000718800000, 0x0000000718800000| Untracked 
| 197|0x0000000718a00000, 0x0000000718c00000, 0x0000000718c00000|100%| O|  |TAMS 0x0000000718a00000, 0x0000000718a00000| Untracked 
| 198|0x0000000718c00000, 0x0000000718e00000, 0x0000000718e00000|100%| O|  |TAMS 0x0000000718c00000, 0x0000000718c00000| Untracked 
| 199|0x0000000718e00000, 0x0000000719000000, 0x0000000719000000|100%| O|  |TAMS 0x0000000718e00000, 0x0000000718e00000| Untracked 
| 200|0x0000000719000000, 0x0000000719200000, 0x0000000719200000|100%| O|  |TAMS 0x0000000719000000, 0x0000000719000000| Untracked 
| 201|0x0000000719200000, 0x0000000719400000, 0x0000000719400000|100%| O|  |TAMS 0x0000000719200000, 0x0000000719200000| Untracked 
| 202|0x0000000719400000, 0x0000000719600000, 0x0000000719600000|100%| O|  |TAMS 0x0000000719400000, 0x0000000719400000| Untracked 
| 203|0x0000000719600000, 0x0000000719800000, 0x0000000719800000|100%| O|  |TAMS 0x0000000719600000, 0x0000000719600000| Untracked 
| 204|0x0000000719800000, 0x0000000719a00000, 0x0000000719a00000|100%| O|  |TAMS 0x0000000719a00000, 0x0000000719800000| Untracked 
| 205|0x0000000719a00000, 0x0000000719c00000, 0x0000000719c00000|100%| O|  |TAMS 0x0000000719c00000, 0x0000000719a00000| Untracked 
| 206|0x0000000719c00000, 0x0000000719e00000, 0x0000000719e00000|100%| O|  |TAMS 0x0000000719e00000, 0x0000000719c00000| Untracked 
| 207|0x0000000719e00000, 0x000000071a000000, 0x000000071a000000|100%| O|  |TAMS 0x000000071a000000, 0x0000000719e00000| Untracked 
| 208|0x000000071a000000, 0x000000071a200000, 0x000000071a200000|100%| O|  |TAMS 0x000000071a000000, 0x000000071a000000| Untracked 
| 209|0x000000071a200000, 0x000000071a400000, 0x000000071a400000|100%| O|  |TAMS 0x000000071a200000, 0x000000071a200000| Untracked 
| 210|0x000000071a400000, 0x000000071a600000, 0x000000071a600000|100%| O|  |TAMS 0x000000071a400000, 0x000000071a400000| Untracked 
| 211|0x000000071a600000, 0x000000071a800000, 0x000000071a800000|100%| O|  |TAMS 0x000000071a800000, 0x000000071a600000| Untracked 
| 212|0x000000071a800000, 0x000000071aa00000, 0x000000071aa00000|100%| O|  |TAMS 0x000000071a800000, 0x000000071a800000| Untracked 
| 213|0x000000071aa00000, 0x000000071ac00000, 0x000000071ac00000|100%| O|  |TAMS 0x000000071ac00000, 0x000000071aa00000| Untracked 
| 214|0x000000071ac00000, 0x000000071ae00000, 0x000000071ae00000|100%| O|  |TAMS 0x000000071ac00000, 0x000000071ac00000| Untracked 
| 215|0x000000071ae00000, 0x000000071b000000, 0x000000071b000000|100%| O|  |TAMS 0x000000071b000000, 0x000000071ae00000| Untracked 
| 216|0x000000071b000000, 0x000000071b200000, 0x000000071b200000|100%|HS|  |TAMS 0x000000071b200000, 0x000000071b000000| Complete 
| 217|0x000000071b200000, 0x000000071b400000, 0x000000071b400000|100%| O|  |TAMS 0x000000071b400000, 0x000000071b200000| Untracked 
| 218|0x000000071b400000, 0x000000071b600000, 0x000000071b600000|100%| O|  |TAMS 0x000000071b600000, 0x000000071b400000| Untracked 
| 219|0x000000071b600000, 0x000000071b800000, 0x000000071b800000|100%| O|  |TAMS 0x000000071b600000, 0x000000071b600000| Untracked 
| 220|0x000000071b800000, 0x000000071ba00000, 0x000000071ba00000|100%| O|  |TAMS 0x000000071ba00000, 0x000000071b800000| Untracked 
| 221|0x000000071ba00000, 0x000000071bc00000, 0x000000071bc00000|100%| O|  |TAMS 0x000000071bc00000, 0x000000071ba00000| Untracked 
| 222|0x000000071bc00000, 0x000000071be00000, 0x000000071be00000|100%| O|  |TAMS 0x000000071be00000, 0x000000071bc00000| Untracked 
| 223|0x000000071be00000, 0x000000071c000000, 0x000000071c000000|100%| O|  |TAMS 0x000000071c000000, 0x000000071be00000| Untracked 
| 224|0x000000071c000000, 0x000000071c200000, 0x000000071c200000|100%| O|  |TAMS 0x000000071c200000, 0x000000071c000000| Untracked 
| 225|0x000000071c200000, 0x000000071c400000, 0x000000071c400000|100%| O|  |TAMS 0x000000071c400000, 0x000000071c200000| Untracked 
| 226|0x000000071c400000, 0x000000071c600000, 0x000000071c600000|100%| O|  |TAMS 0x000000071c600000, 0x000000071c400000| Untracked 
| 227|0x000000071c600000, 0x000000071c800000, 0x000000071c800000|100%| O|  |TAMS 0x000000071c800000, 0x000000071c600000| Untracked 
| 228|0x000000071c800000, 0x000000071ca00000, 0x000000071ca00000|100%| O|  |TAMS 0x000000071ca00000, 0x000000071c800000| Untracked 
| 229|0x000000071ca00000, 0x000000071cc00000, 0x000000071cc00000|100%| O|  |TAMS 0x000000071cc00000, 0x000000071ca00000| Untracked 
| 230|0x000000071cc00000, 0x000000071ce00000, 0x000000071ce00000|100%| O|  |TAMS 0x000000071ce00000, 0x000000071cc00000| Untracked 
| 231|0x000000071ce00000, 0x000000071d000000, 0x000000071d000000|100%| O|  |TAMS 0x000000071d000000, 0x000000071ce00000| Untracked 
| 232|0x000000071d000000, 0x000000071d200000, 0x000000071d200000|100%| O|  |TAMS 0x000000071d200000, 0x000000071d000000| Untracked 
| 233|0x000000071d200000, 0x000000071d400000, 0x000000071d400000|100%| O|  |TAMS 0x000000071d400000, 0x000000071d200000| Untracked 
| 234|0x000000071d400000, 0x000000071d600000, 0x000000071d600000|100%| O|  |TAMS 0x000000071d600000, 0x000000071d400000| Untracked 
| 235|0x000000071d600000, 0x000000071d800000, 0x000000071d800000|100%| O|  |TAMS 0x000000071d800000, 0x000000071d600000| Untracked 
| 236|0x000000071d800000, 0x000000071da00000, 0x000000071da00000|100%| O|  |TAMS 0x000000071d800000, 0x000000071d800000| Untracked 
| 237|0x000000071da00000, 0x000000071dc00000, 0x000000071dc00000|100%| O|  |TAMS 0x000000071da00000, 0x000000071da00000| Untracked 
| 238|0x000000071dc00000, 0x000000071de00000, 0x000000071de00000|100%| O|  |TAMS 0x000000071dc00000, 0x000000071dc00000| Untracked 
| 239|0x000000071de00000, 0x000000071e000000, 0x000000071e000000|100%| O|  |TAMS 0x000000071de00000, 0x000000071de00000| Untracked 
| 240|0x000000071e000000, 0x000000071e200000, 0x000000071e200000|100%| O|  |TAMS 0x000000071e000000, 0x000000071e000000| Untracked 
| 241|0x000000071e200000, 0x000000071e400000, 0x000000071e400000|100%| O|  |TAMS 0x000000071e200000, 0x000000071e200000| Untracked 
| 242|0x000000071e400000, 0x000000071e600000, 0x000000071e600000|100%| O|  |TAMS 0x000000071e400000, 0x000000071e400000| Untracked 
| 243|0x000000071e600000, 0x000000071e800000, 0x000000071e800000|100%| O|  |TAMS 0x000000071e600000, 0x000000071e600000| Untracked 
| 244|0x000000071e800000, 0x000000071ea00000, 0x000000071ea00000|100%| O|  |TAMS 0x000000071e800000, 0x000000071e800000| Untracked 
| 245|0x000000071ea00000, 0x000000071ec00000, 0x000000071ec00000|100%| O|  |TAMS 0x000000071ea00000, 0x000000071ea00000| Untracked 
| 246|0x000000071ec00000, 0x000000071ee00000, 0x000000071ee00000|100%| O|  |TAMS 0x000000071ec00000, 0x000000071ec00000| Untracked 
| 247|0x000000071ee00000, 0x000000071f000000, 0x000000071f000000|100%| O|  |TAMS 0x000000071ee00000, 0x000000071ee00000| Untracked 
| 248|0x000000071f000000, 0x000000071f200000, 0x000000071f200000|100%| O|  |TAMS 0x000000071f000000, 0x000000071f000000| Untracked 
| 249|0x000000071f200000, 0x000000071f400000, 0x000000071f400000|100%| O|  |TAMS 0x000000071f200000, 0x000000071f200000| Untracked 
| 250|0x000000071f400000, 0x000000071f600000, 0x000000071f600000|100%| O|  |TAMS 0x000000071f400000, 0x000000071f400000| Untracked 
| 251|0x000000071f600000, 0x000000071f800000, 0x000000071f800000|100%| O|  |TAMS 0x000000071f600000, 0x000000071f600000| Untracked 
| 252|0x000000071f800000, 0x000000071fa00000, 0x000000071fa00000|100%| O|  |TAMS 0x000000071f800000, 0x000000071f800000| Untracked 
| 253|0x000000071fa00000, 0x000000071fc00000, 0x000000071fc00000|100%| O|  |TAMS 0x000000071fa00000, 0x000000071fa00000| Untracked 
| 254|0x000000071fc00000, 0x000000071fe00000, 0x000000071fe00000|100%|HS|  |TAMS 0x000000071fc00000, 0x000000071fc00000| Complete 
| 255|0x000000071fe00000, 0x0000000720000000, 0x0000000720000000|100%| O|  |TAMS 0x000000071fe00000, 0x000000071fe00000| Untracked 
| 256|0x0000000720000000, 0x0000000720200000, 0x0000000720200000|100%| O|  |TAMS 0x0000000720000000, 0x0000000720000000| Untracked 
| 257|0x0000000720200000, 0x0000000720400000, 0x0000000720400000|100%| O|  |TAMS 0x0000000720200000, 0x0000000720200000| Untracked 
| 258|0x0000000720400000, 0x0000000720600000, 0x0000000720600000|100%| O|  |TAMS 0x0000000720400000, 0x0000000720400000| Untracked 
| 259|0x0000000720600000, 0x0000000720800000, 0x0000000720800000|100%| O|  |TAMS 0x0000000720600000, 0x0000000720600000| Untracked 
| 260|0x0000000720800000, 0x0000000720a00000, 0x0000000720a00000|100%| O|  |TAMS 0x0000000720800000, 0x0000000720800000| Untracked 
| 261|0x0000000720a00000, 0x0000000720c00000, 0x0000000720c00000|100%| O|  |TAMS 0x0000000720a00000, 0x0000000720a00000| Untracked 
| 262|0x0000000720c00000, 0x0000000720e00000, 0x0000000720e00000|100%| O|  |TAMS 0x0000000720c00000, 0x0000000720c00000| Untracked 
| 263|0x0000000720e00000, 0x0000000721000000, 0x0000000721000000|100%| O|  |TAMS 0x0000000720e00000, 0x0000000720e00000| Untracked 
| 264|0x0000000721000000, 0x0000000721200000, 0x0000000721200000|100%| O|  |TAMS 0x0000000721000000, 0x0000000721000000| Untracked 
| 265|0x0000000721200000, 0x0000000721400000, 0x0000000721400000|100%| O|  |TAMS 0x0000000721200000, 0x0000000721200000| Untracked 
| 266|0x0000000721400000, 0x0000000721600000, 0x0000000721600000|100%| O|  |TAMS 0x0000000721400000, 0x0000000721400000| Untracked 
| 267|0x0000000721600000, 0x0000000721800000, 0x0000000721800000|100%| O|  |TAMS 0x0000000721600000, 0x0000000721600000| Untracked 
| 268|0x0000000721800000, 0x0000000721a00000, 0x0000000721a00000|100%| O|  |TAMS 0x0000000721800000, 0x0000000721800000| Untracked 
| 269|0x0000000721a00000, 0x0000000721c00000, 0x0000000721c00000|100%| O|  |TAMS 0x0000000721a00000, 0x0000000721a00000| Untracked 
| 270|0x0000000721c00000, 0x0000000721e00000, 0x0000000721e00000|100%| O|  |TAMS 0x0000000721c00000, 0x0000000721c00000| Untracked 
| 271|0x0000000721e00000, 0x0000000722000000, 0x0000000722000000|100%| O|  |TAMS 0x0000000721e00000, 0x0000000721e00000| Untracked 
| 272|0x0000000722000000, 0x0000000722200000, 0x0000000722200000|100%| O|  |TAMS 0x0000000722000000, 0x0000000722000000| Untracked 
| 273|0x0000000722200000, 0x0000000722400000, 0x0000000722400000|100%| O|  |TAMS 0x0000000722200000, 0x0000000722200000| Untracked 
| 274|0x0000000722400000, 0x0000000722600000, 0x0000000722600000|100%| O|  |TAMS 0x0000000722400000, 0x0000000722400000| Untracked 
| 275|0x0000000722600000, 0x0000000722800000, 0x0000000722800000|100%| O|  |TAMS 0x0000000722600000, 0x0000000722600000| Untracked 
| 276|0x0000000722800000, 0x0000000722a00000, 0x0000000722a00000|100%| O|  |TAMS 0x0000000722800000, 0x0000000722800000| Untracked 
| 277|0x0000000722a00000, 0x0000000722c00000, 0x0000000722c00000|100%| O|  |TAMS 0x0000000722a00000, 0x0000000722a00000| Untracked 
| 278|0x0000000722c00000, 0x0000000722e00000, 0x0000000722e00000|100%| O|  |TAMS 0x0000000722c00000, 0x0000000722c00000| Untracked 
| 279|0x0000000722e00000, 0x0000000723000000, 0x0000000723000000|100%| O|  |TAMS 0x0000000722e00000, 0x0000000722e00000| Untracked 
| 280|0x0000000723000000, 0x0000000723200000, 0x0000000723200000|100%| O|  |TAMS 0x0000000723000000, 0x0000000723000000| Untracked 
| 281|0x0000000723200000, 0x0000000723400000, 0x0000000723400000|100%| O|  |TAMS 0x0000000723200000, 0x0000000723200000| Untracked 
| 282|0x0000000723400000, 0x0000000723600000, 0x0000000723600000|100%| O|  |TAMS 0x0000000723400000, 0x0000000723400000| Untracked 
| 283|0x0000000723600000, 0x0000000723800000, 0x0000000723800000|100%| O|  |TAMS 0x0000000723600000, 0x0000000723600000| Untracked 
| 284|0x0000000723800000, 0x0000000723a00000, 0x0000000723a00000|100%| O|  |TAMS 0x0000000723800000, 0x0000000723800000| Untracked 
| 285|0x0000000723a00000, 0x0000000723c00000, 0x0000000723c00000|100%| O|  |TAMS 0x0000000723a00000, 0x0000000723a00000| Untracked 
| 286|0x0000000723c00000, 0x0000000723e00000, 0x0000000723e00000|100%| O|  |TAMS 0x0000000723c00000, 0x0000000723c00000| Untracked 
| 287|0x0000000723e00000, 0x0000000724000000, 0x0000000724000000|100%| O|  |TAMS 0x0000000723e00000, 0x0000000723e00000| Untracked 
| 288|0x0000000724000000, 0x0000000724200000, 0x0000000724200000|100%| O|  |TAMS 0x0000000724000000, 0x0000000724000000| Untracked 
| 289|0x0000000724200000, 0x0000000724400000, 0x0000000724400000|100%| O|  |TAMS 0x0000000724200000, 0x0000000724200000| Untracked 
| 290|0x0000000724400000, 0x0000000724600000, 0x0000000724600000|100%| O|  |TAMS 0x0000000724400000, 0x0000000724400000| Untracked 
| 291|0x0000000724600000, 0x0000000724800000, 0x0000000724800000|100%| O|  |TAMS 0x0000000724600000, 0x0000000724600000| Untracked 
| 292|0x0000000724800000, 0x0000000724a00000, 0x0000000724a00000|100%| O|  |TAMS 0x0000000724800000, 0x0000000724800000| Untracked 
| 293|0x0000000724a00000, 0x0000000724c00000, 0x0000000724c00000|100%| O|  |TAMS 0x0000000724a00000, 0x0000000724a00000| Untracked 
| 294|0x0000000724c00000, 0x0000000724e00000, 0x0000000724e00000|100%| O|  |TAMS 0x0000000724c00000, 0x0000000724c00000| Untracked 
| 295|0x0000000724e00000, 0x0000000725000000, 0x0000000725000000|100%| O|  |TAMS 0x0000000724e00000, 0x0000000724e00000| Untracked 
| 296|0x0000000725000000, 0x0000000725200000, 0x0000000725200000|100%| O|  |TAMS 0x0000000725000000, 0x0000000725000000| Untracked 
| 297|0x0000000725200000, 0x0000000725400000, 0x0000000725400000|100%| O|  |TAMS 0x0000000725200000, 0x0000000725200000| Untracked 
| 298|0x0000000725400000, 0x0000000725600000, 0x0000000725600000|100%| O|  |TAMS 0x0000000725400000, 0x0000000725400000| Untracked 
| 299|0x0000000725600000, 0x0000000725800000, 0x0000000725800000|100%| O|  |TAMS 0x0000000725600000, 0x0000000725600000| Untracked 
| 300|0x0000000725800000, 0x0000000725a00000, 0x0000000725a00000|100%| O|  |TAMS 0x0000000725800000, 0x0000000725800000| Untracked 
| 301|0x0000000725a00000, 0x0000000725c00000, 0x0000000725c00000|100%| O|  |TAMS 0x0000000725a00000, 0x0000000725a00000| Untracked 
| 302|0x0000000725c00000, 0x0000000725e00000, 0x0000000725e00000|100%| O|  |TAMS 0x0000000725c00000, 0x0000000725c00000| Untracked 
| 303|0x0000000725e00000, 0x0000000726000000, 0x0000000726000000|100%| O|  |TAMS 0x0000000725e00000, 0x0000000725e00000| Untracked 
| 304|0x0000000726000000, 0x0000000726200000, 0x0000000726200000|100%| O|  |TAMS 0x0000000726000000, 0x0000000726000000| Untracked 
| 305|0x0000000726200000, 0x0000000726400000, 0x0000000726400000|100%| O|  |TAMS 0x0000000726200000, 0x0000000726200000| Untracked 
| 306|0x0000000726400000, 0x0000000726600000, 0x0000000726600000|100%| O|  |TAMS 0x0000000726400000, 0x0000000726400000| Untracked 
| 307|0x0000000726600000, 0x0000000726800000, 0x0000000726800000|100%| O|  |TAMS 0x0000000726600000, 0x0000000726600000| Untracked 
| 308|0x0000000726800000, 0x0000000726a00000, 0x0000000726a00000|100%| O|  |TAMS 0x0000000726800000, 0x0000000726800000| Untracked 
| 309|0x0000000726a00000, 0x0000000726c00000, 0x0000000726c00000|100%| O|  |TAMS 0x0000000726a00000, 0x0000000726a00000| Untracked 
| 310|0x0000000726c00000, 0x0000000726e00000, 0x0000000726e00000|100%| O|  |TAMS 0x0000000726c00000, 0x0000000726c00000| Untracked 
| 311|0x0000000726e00000, 0x0000000727000000, 0x0000000727000000|100%| O|  |TAMS 0x0000000726e00000, 0x0000000726e00000| Untracked 
| 312|0x0000000727000000, 0x0000000727200000, 0x0000000727200000|100%| O|  |TAMS 0x0000000727000000, 0x0000000727000000| Untracked 
| 313|0x0000000727200000, 0x0000000727400000, 0x0000000727400000|100%| O|  |TAMS 0x0000000727200000, 0x0000000727200000| Untracked 
| 314|0x0000000727400000, 0x0000000727600000, 0x0000000727600000|100%| O|  |TAMS 0x0000000727400000, 0x0000000727400000| Untracked 
| 315|0x0000000727600000, 0x0000000727800000, 0x0000000727800000|100%| O|  |TAMS 0x0000000727600000, 0x0000000727600000| Untracked 
| 316|0x0000000727800000, 0x0000000727a00000, 0x0000000727a00000|100%| O|  |TAMS 0x0000000727800000, 0x0000000727800000| Untracked 
| 317|0x0000000727a00000, 0x0000000727c00000, 0x0000000727c00000|100%| O|  |TAMS 0x0000000727a00000, 0x0000000727a00000| Untracked 
| 318|0x0000000727c00000, 0x0000000727e00000, 0x0000000727e00000|100%| O|  |TAMS 0x0000000727c00000, 0x0000000727c00000| Untracked 
| 319|0x0000000727e00000, 0x0000000728000000, 0x0000000728000000|100%| O|  |TAMS 0x0000000727e00000, 0x0000000727e00000| Untracked 
| 320|0x0000000728000000, 0x0000000728200000, 0x0000000728200000|100%| O|  |TAMS 0x0000000728000000, 0x0000000728000000| Untracked 
| 321|0x0000000728200000, 0x0000000728400000, 0x0000000728400000|100%| O|  |TAMS 0x0000000728200000, 0x0000000728200000| Untracked 
| 322|0x0000000728400000, 0x0000000728600000, 0x0000000728600000|100%| O|  |TAMS 0x0000000728400000, 0x0000000728400000| Untracked 
| 323|0x0000000728600000, 0x0000000728800000, 0x0000000728800000|100%| O|  |TAMS 0x0000000728600000, 0x0000000728600000| Untracked 
| 324|0x0000000728800000, 0x0000000728a00000, 0x0000000728a00000|100%| O|  |TAMS 0x0000000728800000, 0x0000000728800000| Untracked 
| 325|0x0000000728a00000, 0x0000000728c00000, 0x0000000728c00000|100%| O|  |TAMS 0x0000000728a00000, 0x0000000728a00000| Untracked 
| 326|0x0000000728c00000, 0x0000000728e00000, 0x0000000728e00000|100%| O|  |TAMS 0x0000000728c00000, 0x0000000728c00000| Untracked 
| 327|0x0000000728e00000, 0x0000000729000000, 0x0000000729000000|100%| O|  |TAMS 0x0000000728e00000, 0x0000000728e00000| Untracked 
| 328|0x0000000729000000, 0x0000000729200000, 0x0000000729200000|100%| O|  |TAMS 0x0000000729000000, 0x0000000729000000| Untracked 
| 329|0x0000000729200000, 0x0000000729400000, 0x0000000729400000|100%| O|  |TAMS 0x0000000729200000, 0x0000000729200000| Untracked 
| 330|0x0000000729400000, 0x0000000729600000, 0x0000000729600000|100%| O|  |TAMS 0x0000000729400000, 0x0000000729400000| Untracked 
| 331|0x0000000729600000, 0x0000000729800000, 0x0000000729800000|100%| O|  |TAMS 0x0000000729600000, 0x0000000729600000| Untracked 
| 332|0x0000000729800000, 0x0000000729a00000, 0x0000000729a00000|100%| O|  |TAMS 0x0000000729800000, 0x0000000729800000| Untracked 
| 333|0x0000000729a00000, 0x0000000729c00000, 0x0000000729c00000|100%| O|  |TAMS 0x0000000729a00000, 0x0000000729a00000| Untracked 
| 334|0x0000000729c00000, 0x0000000729e00000, 0x0000000729e00000|100%| O|  |TAMS 0x0000000729c00000, 0x0000000729c00000| Untracked 
| 335|0x0000000729e00000, 0x000000072a000000, 0x000000072a000000|100%| O|  |TAMS 0x0000000729e00000, 0x0000000729e00000| Untracked 
| 336|0x000000072a000000, 0x000000072a200000, 0x000000072a200000|100%| O|  |TAMS 0x000000072a000000, 0x000000072a000000| Untracked 
| 337|0x000000072a200000, 0x000000072a400000, 0x000000072a400000|100%| O|  |TAMS 0x000000072a200000, 0x000000072a200000| Untracked 
| 338|0x000000072a400000, 0x000000072a600000, 0x000000072a600000|100%| O|  |TAMS 0x000000072a400000, 0x000000072a400000| Untracked 
| 339|0x000000072a600000, 0x000000072a800000, 0x000000072a800000|100%| O|  |TAMS 0x000000072a600000, 0x000000072a600000| Untracked 
| 340|0x000000072a800000, 0x000000072aa00000, 0x000000072aa00000|100%| O|  |TAMS 0x000000072a800000, 0x000000072a800000| Untracked 
| 341|0x000000072aa00000, 0x000000072ac00000, 0x000000072ac00000|100%| O|  |TAMS 0x000000072aa00000, 0x000000072aa00000| Untracked 
| 342|0x000000072ac00000, 0x000000072ae00000, 0x000000072ae00000|100%| O|  |TAMS 0x000000072ac00000, 0x000000072ac00000| Untracked 
| 343|0x000000072ae00000, 0x000000072b000000, 0x000000072b000000|100%| O|  |TAMS 0x000000072ae00000, 0x000000072ae00000| Untracked 
| 344|0x000000072b000000, 0x000000072b200000, 0x000000072b200000|100%| O|  |TAMS 0x000000072b000000, 0x000000072b000000| Untracked 
| 345|0x000000072b200000, 0x000000072b400000, 0x000000072b400000|100%| O|  |TAMS 0x000000072b200000, 0x000000072b200000| Untracked 
| 346|0x000000072b400000, 0x000000072b600000, 0x000000072b600000|100%| O|  |TAMS 0x000000072b400000, 0x000000072b400000| Untracked 
| 347|0x000000072b600000, 0x000000072b800000, 0x000000072b800000|100%| O|  |TAMS 0x000000072b600000, 0x000000072b600000| Untracked 
| 348|0x000000072b800000, 0x000000072ba00000, 0x000000072ba00000|100%| O|  |TAMS 0x000000072b800000, 0x000000072b800000| Untracked 
| 349|0x000000072ba00000, 0x000000072bc00000, 0x000000072bc00000|100%| O|  |TAMS 0x000000072ba00000, 0x000000072ba00000| Untracked 
| 350|0x000000072bc00000, 0x000000072be00000, 0x000000072be00000|100%| O|  |TAMS 0x000000072bc00000, 0x000000072bc00000| Untracked 
| 351|0x000000072be00000, 0x000000072c000000, 0x000000072c000000|100%| O|  |TAMS 0x000000072be00000, 0x000000072be00000| Untracked 
| 352|0x000000072c000000, 0x000000072c200000, 0x000000072c200000|100%| O|  |TAMS 0x000000072c000000, 0x000000072c000000| Untracked 
| 353|0x000000072c200000, 0x000000072c400000, 0x000000072c400000|100%| O|  |TAMS 0x000000072c200000, 0x000000072c200000| Untracked 
| 354|0x000000072c400000, 0x000000072c600000, 0x000000072c600000|100%| O|  |TAMS 0x000000072c400000, 0x000000072c400000| Untracked 
| 355|0x000000072c600000, 0x000000072c800000, 0x000000072c800000|100%| O|  |TAMS 0x000000072c600000, 0x000000072c600000| Untracked 
| 356|0x000000072c800000, 0x000000072ca00000, 0x000000072ca00000|100%| O|  |TAMS 0x000000072c800000, 0x000000072c800000| Untracked 
| 357|0x000000072ca00000, 0x000000072cc00000, 0x000000072cc00000|100%| O|  |TAMS 0x000000072ca00000, 0x000000072ca00000| Untracked 
| 358|0x000000072cc00000, 0x000000072ce00000, 0x000000072ce00000|100%| O|  |TAMS 0x000000072cc00000, 0x000000072cc00000| Untracked 
| 359|0x000000072ce00000, 0x000000072d000000, 0x000000072d000000|100%| O|  |TAMS 0x000000072ce00000, 0x000000072ce00000| Untracked 
| 360|0x000000072d000000, 0x000000072d200000, 0x000000072d200000|100%| O|  |TAMS 0x000000072d000000, 0x000000072d000000| Untracked 
| 361|0x000000072d200000, 0x000000072d400000, 0x000000072d400000|100%| O|  |TAMS 0x000000072d200000, 0x000000072d200000| Untracked 
| 362|0x000000072d400000, 0x000000072d600000, 0x000000072d600000|100%| O|  |TAMS 0x000000072d400000, 0x000000072d400000| Untracked 
| 363|0x000000072d600000, 0x000000072d800000, 0x000000072d800000|100%| O|  |TAMS 0x000000072d600000, 0x000000072d600000| Untracked 
| 364|0x000000072d800000, 0x000000072da00000, 0x000000072da00000|100%| O|  |TAMS 0x000000072d800000, 0x000000072d800000| Untracked 
| 365|0x000000072da00000, 0x000000072dc00000, 0x000000072dc00000|100%| O|  |TAMS 0x000000072da00000, 0x000000072da00000| Untracked 
| 366|0x000000072dc00000, 0x000000072de00000, 0x000000072de00000|100%| O|  |TAMS 0x000000072dc00000, 0x000000072dc00000| Untracked 
| 367|0x000000072de00000, 0x000000072e000000, 0x000000072e000000|100%| O|  |TAMS 0x000000072de00000, 0x000000072de00000| Untracked 
| 368|0x000000072e000000, 0x000000072e200000, 0x000000072e200000|100%| O|  |TAMS 0x000000072e000000, 0x000000072e000000| Untracked 
| 369|0x000000072e200000, 0x000000072e400000, 0x000000072e400000|100%| O|  |TAMS 0x000000072e200000, 0x000000072e200000| Untracked 
| 370|0x000000072e400000, 0x000000072e600000, 0x000000072e600000|100%| O|  |TAMS 0x000000072e400000, 0x000000072e400000| Untracked 
| 371|0x000000072e600000, 0x000000072e800000, 0x000000072e800000|100%| O|  |TAMS 0x000000072e600000, 0x000000072e600000| Untracked 
| 372|0x000000072e800000, 0x000000072ea00000, 0x000000072ea00000|100%| O|  |TAMS 0x000000072e800000, 0x000000072e800000| Untracked 
| 373|0x000000072ea00000, 0x000000072ec00000, 0x000000072ec00000|100%| O|  |TAMS 0x000000072ea00000, 0x000000072ea00000| Untracked 
| 374|0x000000072ec00000, 0x000000072ee00000, 0x000000072ee00000|100%| O|  |TAMS 0x000000072ec00000, 0x000000072ec00000| Untracked 
| 375|0x000000072ee00000, 0x000000072f000000, 0x000000072f000000|100%| O|  |TAMS 0x000000072ee00000, 0x000000072ee00000| Untracked 
| 376|0x000000072f000000, 0x000000072f200000, 0x000000072f200000|100%| O|  |TAMS 0x000000072f000000, 0x000000072f000000| Untracked 
| 377|0x000000072f200000, 0x000000072f400000, 0x000000072f400000|100%| O|  |TAMS 0x000000072f200000, 0x000000072f200000| Untracked 
| 378|0x000000072f400000, 0x000000072f600000, 0x000000072f600000|100%| O|  |TAMS 0x000000072f400000, 0x000000072f400000| Untracked 
| 379|0x000000072f600000, 0x000000072f800000, 0x000000072f800000|100%| O|  |TAMS 0x000000072f600000, 0x000000072f600000| Untracked 
| 380|0x000000072f800000, 0x000000072fa00000, 0x000000072fa00000|100%| O|  |TAMS 0x000000072f800000, 0x000000072f800000| Untracked 
| 381|0x000000072fa00000, 0x000000072fc00000, 0x000000072fc00000|100%| O|  |TAMS 0x000000072fa00000, 0x000000072fa00000| Untracked 
| 382|0x000000072fc00000, 0x000000072fe00000, 0x000000072fe00000|100%| O|  |TAMS 0x000000072fc00000, 0x000000072fc00000| Untracked 
| 383|0x000000072fe00000, 0x0000000730000000, 0x0000000730000000|100%| O|  |TAMS 0x000000072fe00000, 0x000000072fe00000| Untracked 
| 384|0x0000000730000000, 0x0000000730200000, 0x0000000730200000|100%| O|  |TAMS 0x0000000730000000, 0x0000000730000000| Untracked 
| 385|0x0000000730200000, 0x0000000730400000, 0x0000000730400000|100%| O|  |TAMS 0x0000000730200000, 0x0000000730200000| Untracked 
| 386|0x0000000730400000, 0x0000000730600000, 0x0000000730600000|100%| O|  |TAMS 0x0000000730400000, 0x0000000730400000| Untracked 
| 387|0x0000000730600000, 0x0000000730800000, 0x0000000730800000|100%| O|  |TAMS 0x0000000730600000, 0x0000000730600000| Untracked 
| 388|0x0000000730800000, 0x0000000730a00000, 0x0000000730a00000|100%| O|  |TAMS 0x0000000730800000, 0x0000000730800000| Untracked 
| 389|0x0000000730a00000, 0x0000000730c00000, 0x0000000730c00000|100%| O|  |TAMS 0x0000000730a00000, 0x0000000730a00000| Untracked 
| 390|0x0000000730c00000, 0x0000000730e00000, 0x0000000730e00000|100%| O|  |TAMS 0x0000000730c00000, 0x0000000730c00000| Untracked 
| 391|0x0000000730e00000, 0x0000000731000000, 0x0000000731000000|100%| O|  |TAMS 0x0000000730e00000, 0x0000000730e00000| Untracked 
| 392|0x0000000731000000, 0x0000000731200000, 0x0000000731200000|100%| O|  |TAMS 0x0000000731000000, 0x0000000731000000| Untracked 
| 393|0x0000000731200000, 0x0000000731400000, 0x0000000731400000|100%| O|  |TAMS 0x0000000731200000, 0x0000000731200000| Untracked 
| 394|0x0000000731400000, 0x0000000731600000, 0x0000000731600000|100%| O|  |TAMS 0x0000000731400000, 0x0000000731400000| Untracked 
| 395|0x0000000731600000, 0x0000000731800000, 0x0000000731800000|100%| O|  |TAMS 0x0000000731600000, 0x0000000731600000| Untracked 
| 396|0x0000000731800000, 0x0000000731a00000, 0x0000000731a00000|100%| O|  |TAMS 0x0000000731800000, 0x0000000731800000| Untracked 
| 397|0x0000000731a00000, 0x0000000731c00000, 0x0000000731c00000|100%| O|  |TAMS 0x0000000731a00000, 0x0000000731a00000| Untracked 
| 398|0x0000000731c00000, 0x0000000731e00000, 0x0000000731e00000|100%| O|  |TAMS 0x0000000731c00000, 0x0000000731c00000| Untracked 
| 399|0x0000000731e00000, 0x0000000732000000, 0x0000000732000000|100%| O|  |TAMS 0x0000000731e00000, 0x0000000731e00000| Untracked 
| 400|0x0000000732000000, 0x0000000732200000, 0x0000000732200000|100%| O|  |TAMS 0x0000000732000000, 0x0000000732000000| Untracked 
| 401|0x0000000732200000, 0x0000000732400000, 0x0000000732400000|100%| O|  |TAMS 0x0000000732200000, 0x0000000732200000| Untracked 
| 402|0x0000000732400000, 0x0000000732600000, 0x0000000732600000|100%| O|  |TAMS 0x0000000732400000, 0x0000000732400000| Untracked 
| 403|0x0000000732600000, 0x0000000732800000, 0x0000000732800000|100%| O|  |TAMS 0x0000000732600000, 0x0000000732600000| Untracked 
| 404|0x0000000732800000, 0x0000000732a00000, 0x0000000732a00000|100%| O|  |TAMS 0x0000000732800000, 0x0000000732800000| Untracked 
| 405|0x0000000732a00000, 0x0000000732c00000, 0x0000000732c00000|100%| O|  |TAMS 0x0000000732a00000, 0x0000000732a00000| Untracked 
| 406|0x0000000732c00000, 0x0000000732e00000, 0x0000000732e00000|100%| O|  |TAMS 0x0000000732c00000, 0x0000000732c00000| Untracked 
| 407|0x0000000732e00000, 0x0000000733000000, 0x0000000733000000|100%| O|  |TAMS 0x0000000732e00000, 0x0000000732e00000| Untracked 
| 408|0x0000000733000000, 0x0000000733200000, 0x0000000733200000|100%| O|  |TAMS 0x0000000733000000, 0x0000000733000000| Untracked 
| 409|0x0000000733200000, 0x0000000733400000, 0x0000000733400000|100%| O|  |TAMS 0x0000000733200000, 0x0000000733200000| Untracked 
| 410|0x0000000733400000, 0x0000000733600000, 0x0000000733600000|100%| O|  |TAMS 0x0000000733400000, 0x0000000733400000| Untracked 
| 411|0x0000000733600000, 0x0000000733800000, 0x0000000733800000|100%| O|  |TAMS 0x0000000733600000, 0x0000000733600000| Untracked 
| 412|0x0000000733800000, 0x0000000733a00000, 0x0000000733a00000|100%| O|  |TAMS 0x0000000733800000, 0x0000000733800000| Untracked 
| 413|0x0000000733a00000, 0x0000000733c00000, 0x0000000733c00000|100%| O|  |TAMS 0x0000000733a00000, 0x0000000733a00000| Untracked 
| 414|0x0000000733c00000, 0x0000000733e00000, 0x0000000733e00000|100%| O|  |TAMS 0x0000000733c00000, 0x0000000733c00000| Untracked 
| 415|0x0000000733e00000, 0x0000000734000000, 0x0000000734000000|100%| O|  |TAMS 0x0000000733e00000, 0x0000000733e00000| Untracked 
| 416|0x0000000734000000, 0x0000000734200000, 0x0000000734200000|100%| O|  |TAMS 0x0000000734000000, 0x0000000734000000| Untracked 
| 417|0x0000000734200000, 0x0000000734400000, 0x0000000734400000|100%| O|  |TAMS 0x0000000734200000, 0x0000000734200000| Untracked 
| 418|0x0000000734400000, 0x0000000734600000, 0x0000000734600000|100%| O|  |TAMS 0x0000000734400000, 0x0000000734400000| Untracked 
| 419|0x0000000734600000, 0x0000000734800000, 0x0000000734800000|100%| O|  |TAMS 0x0000000734600000, 0x0000000734600000| Untracked 
| 420|0x0000000734800000, 0x0000000734a00000, 0x0000000734a00000|100%| O|  |TAMS 0x0000000734800000, 0x0000000734800000| Untracked 
| 421|0x0000000734a00000, 0x0000000734c00000, 0x0000000734c00000|100%| O|  |TAMS 0x0000000734a00000, 0x0000000734a00000| Untracked 
| 422|0x0000000734c00000, 0x0000000734e00000, 0x0000000734e00000|100%| O|  |TAMS 0x0000000734c00000, 0x0000000734c00000| Untracked 
| 423|0x0000000734e00000, 0x0000000735000000, 0x0000000735000000|100%| O|  |TAMS 0x0000000734e00000, 0x0000000734e00000| Untracked 
| 424|0x0000000735000000, 0x0000000735200000, 0x0000000735200000|100%| O|  |TAMS 0x0000000735000000, 0x0000000735000000| Untracked 
| 425|0x0000000735200000, 0x0000000735400000, 0x0000000735400000|100%| O|  |TAMS 0x0000000735200000, 0x0000000735200000| Untracked 
| 426|0x0000000735400000, 0x0000000735600000, 0x0000000735600000|100%| O|  |TAMS 0x0000000735400000, 0x0000000735400000| Untracked 
| 427|0x0000000735600000, 0x0000000735800000, 0x0000000735800000|100%| O|  |TAMS 0x0000000735600000, 0x0000000735600000| Untracked 
| 428|0x0000000735800000, 0x0000000735a00000, 0x0000000735a00000|100%| O|  |TAMS 0x0000000735800000, 0x0000000735800000| Untracked 
| 429|0x0000000735a00000, 0x0000000735c00000, 0x0000000735c00000|100%| O|  |TAMS 0x0000000735a00000, 0x0000000735a00000| Untracked 
| 430|0x0000000735c00000, 0x0000000735e00000, 0x0000000735e00000|100%| O|  |TAMS 0x0000000735c00000, 0x0000000735c00000| Untracked 
| 431|0x0000000735e00000, 0x0000000736000000, 0x0000000736000000|100%| O|  |TAMS 0x0000000735e00000, 0x0000000735e00000| Untracked 
| 432|0x0000000736000000, 0x0000000736200000, 0x0000000736200000|100%| O|  |TAMS 0x0000000736000000, 0x0000000736000000| Untracked 
| 433|0x0000000736200000, 0x0000000736400000, 0x0000000736400000|100%| O|  |TAMS 0x0000000736200000, 0x0000000736200000| Untracked 
| 434|0x0000000736400000, 0x0000000736600000, 0x0000000736600000|100%| O|  |TAMS 0x0000000736400000, 0x0000000736400000| Untracked 
| 435|0x0000000736600000, 0x0000000736800000, 0x0000000736800000|100%| O|  |TAMS 0x0000000736600000, 0x0000000736600000| Untracked 
| 436|0x0000000736800000, 0x0000000736a00000, 0x0000000736a00000|100%| O|  |TAMS 0x0000000736800000, 0x0000000736800000| Untracked 
| 437|0x0000000736a00000, 0x0000000736c00000, 0x0000000736c00000|100%| O|  |TAMS 0x0000000736a00000, 0x0000000736a00000| Untracked 
| 438|0x0000000736c00000, 0x0000000736e00000, 0x0000000736e00000|100%| O|  |TAMS 0x0000000736c00000, 0x0000000736c00000| Untracked 
| 439|0x0000000736e00000, 0x0000000737000000, 0x0000000737000000|100%| O|  |TAMS 0x0000000736e00000, 0x0000000736e00000| Untracked 
| 440|0x0000000737000000, 0x0000000737200000, 0x0000000737200000|100%| O|  |TAMS 0x0000000737000000, 0x0000000737000000| Untracked 
| 441|0x0000000737200000, 0x0000000737400000, 0x0000000737400000|100%| O|  |TAMS 0x0000000737200000, 0x0000000737200000| Untracked 
| 442|0x0000000737400000, 0x0000000737600000, 0x0000000737600000|100%| O|  |TAMS 0x0000000737400000, 0x0000000737400000| Untracked 
| 443|0x0000000737600000, 0x0000000737800000, 0x0000000737800000|100%| O|  |TAMS 0x0000000737600000, 0x0000000737600000| Untracked 
| 444|0x0000000737800000, 0x0000000737a00000, 0x0000000737a00000|100%| O|  |TAMS 0x0000000737800000, 0x0000000737800000| Untracked 
| 445|0x0000000737a00000, 0x0000000737c00000, 0x0000000737c00000|100%| O|  |TAMS 0x0000000737a00000, 0x0000000737a00000| Untracked 
| 446|0x0000000737c00000, 0x0000000737e00000, 0x0000000737e00000|100%| O|  |TAMS 0x0000000737c00000, 0x0000000737c00000| Untracked 
| 447|0x0000000737e00000, 0x0000000738000000, 0x0000000738000000|100%| O|  |TAMS 0x0000000737e00000, 0x0000000737e00000| Untracked 
| 448|0x0000000738000000, 0x0000000738200000, 0x0000000738200000|100%| O|  |TAMS 0x0000000738000000, 0x0000000738000000| Untracked 
| 449|0x0000000738200000, 0x0000000738400000, 0x0000000738400000|100%| O|  |TAMS 0x0000000738200000, 0x0000000738200000| Untracked 
| 450|0x0000000738400000, 0x0000000738600000, 0x0000000738600000|100%| O|  |TAMS 0x0000000738400000, 0x0000000738400000| Untracked 
| 451|0x0000000738600000, 0x0000000738800000, 0x0000000738800000|100%| O|  |TAMS 0x0000000738600000, 0x0000000738600000| Untracked 
| 452|0x0000000738800000, 0x0000000738a00000, 0x0000000738a00000|100%| O|  |TAMS 0x0000000738800000, 0x0000000738800000| Untracked 
| 453|0x0000000738a00000, 0x0000000738c00000, 0x0000000738c00000|100%| O|  |TAMS 0x0000000738a00000, 0x0000000738a00000| Untracked 
| 454|0x0000000738c00000, 0x0000000738e00000, 0x0000000738e00000|100%| O|  |TAMS 0x0000000738c00000, 0x0000000738c00000| Untracked 
| 455|0x0000000738e00000, 0x0000000739000000, 0x0000000739000000|100%| O|  |TAMS 0x0000000738e00000, 0x0000000738e00000| Untracked 
| 456|0x0000000739000000, 0x0000000739200000, 0x0000000739200000|100%| O|  |TAMS 0x0000000739000000, 0x0000000739000000| Untracked 
| 457|0x0000000739200000, 0x0000000739400000, 0x0000000739400000|100%| O|  |TAMS 0x0000000739200000, 0x0000000739200000| Untracked 
| 458|0x0000000739400000, 0x0000000739600000, 0x0000000739600000|100%| O|  |TAMS 0x0000000739400000, 0x0000000739400000| Untracked 
| 459|0x0000000739600000, 0x0000000739800000, 0x0000000739800000|100%| O|  |TAMS 0x0000000739600000, 0x0000000739600000| Untracked 
| 460|0x0000000739800000, 0x0000000739a00000, 0x0000000739a00000|100%| O|  |TAMS 0x0000000739800000, 0x0000000739800000| Untracked 
| 461|0x0000000739a00000, 0x0000000739c00000, 0x0000000739c00000|100%| O|  |TAMS 0x0000000739a00000, 0x0000000739a00000| Untracked 
| 462|0x0000000739c00000, 0x0000000739e00000, 0x0000000739e00000|100%| O|  |TAMS 0x0000000739c00000, 0x0000000739c00000| Untracked 
| 463|0x0000000739e00000, 0x000000073a000000, 0x000000073a000000|100%| O|  |TAMS 0x0000000739e00000, 0x0000000739e00000| Untracked 
| 464|0x000000073a000000, 0x000000073a200000, 0x000000073a200000|100%| O|  |TAMS 0x000000073a000000, 0x000000073a000000| Untracked 
| 465|0x000000073a200000, 0x000000073a400000, 0x000000073a400000|100%| O|  |TAMS 0x000000073a200000, 0x000000073a200000| Untracked 
| 466|0x000000073a400000, 0x000000073a600000, 0x000000073a600000|100%| O|  |TAMS 0x000000073a400000, 0x000000073a400000| Untracked 
| 467|0x000000073a600000, 0x000000073a800000, 0x000000073a800000|100%| O|  |TAMS 0x000000073a600000, 0x000000073a600000| Untracked 
| 468|0x000000073a800000, 0x000000073aa00000, 0x000000073aa00000|100%| O|  |TAMS 0x000000073a800000, 0x000000073a800000| Untracked 
| 469|0x000000073aa00000, 0x000000073ac00000, 0x000000073ac00000|100%| O|  |TAMS 0x000000073aa00000, 0x000000073aa00000| Untracked 
| 470|0x000000073ac00000, 0x000000073ae00000, 0x000000073ae00000|100%| O|  |TAMS 0x000000073ac00000, 0x000000073ac00000| Untracked 
| 471|0x000000073ae00000, 0x000000073b000000, 0x000000073b000000|100%| O|  |TAMS 0x000000073ae00000, 0x000000073ae00000| Untracked 
| 472|0x000000073b000000, 0x000000073b200000, 0x000000073b200000|100%| O|  |TAMS 0x000000073b000000, 0x000000073b000000| Untracked 
| 473|0x000000073b200000, 0x000000073b400000, 0x000000073b400000|100%| O|  |TAMS 0x000000073b200000, 0x000000073b200000| Untracked 
| 474|0x000000073b400000, 0x000000073b600000, 0x000000073b600000|100%| O|  |TAMS 0x000000073b400000, 0x000000073b400000| Untracked 
| 475|0x000000073b600000, 0x000000073b800000, 0x000000073b800000|100%| O|  |TAMS 0x000000073b600000, 0x000000073b600000| Untracked 
| 476|0x000000073b800000, 0x000000073ba00000, 0x000000073ba00000|100%| O|  |TAMS 0x000000073b800000, 0x000000073b800000| Untracked 
| 477|0x000000073ba00000, 0x000000073bc00000, 0x000000073bc00000|100%| O|  |TAMS 0x000000073ba00000, 0x000000073ba00000| Untracked 
| 478|0x000000073bc00000, 0x000000073be00000, 0x000000073be00000|100%| O|  |TAMS 0x000000073bc00000, 0x000000073bc00000| Untracked 
| 479|0x000000073be00000, 0x000000073c000000, 0x000000073c000000|100%| O|  |TAMS 0x000000073be00000, 0x000000073be00000| Untracked 
| 480|0x000000073c000000, 0x000000073c200000, 0x000000073c200000|100%| O|  |TAMS 0x000000073c000000, 0x000000073c000000| Untracked 
| 481|0x000000073c200000, 0x000000073c400000, 0x000000073c400000|100%| O|  |TAMS 0x000000073c200000, 0x000000073c200000| Untracked 
| 482|0x000000073c400000, 0x000000073c600000, 0x000000073c600000|100%| O|  |TAMS 0x000000073c400000, 0x000000073c400000| Untracked 
| 483|0x000000073c600000, 0x000000073c800000, 0x000000073c800000|100%| O|  |TAMS 0x000000073c600000, 0x000000073c600000| Untracked 
| 484|0x000000073c800000, 0x000000073ca00000, 0x000000073ca00000|100%| O|  |TAMS 0x000000073c800000, 0x000000073c800000| Untracked 
| 485|0x000000073ca00000, 0x000000073cc00000, 0x000000073cc00000|100%| O|  |TAMS 0x000000073ca00000, 0x000000073ca00000| Untracked 
| 486|0x000000073cc00000, 0x000000073ce00000, 0x000000073ce00000|100%| O|  |TAMS 0x000000073cc00000, 0x000000073cc00000| Untracked 
| 487|0x000000073ce00000, 0x000000073d000000, 0x000000073d000000|100%| O|  |TAMS 0x000000073ce00000, 0x000000073ce00000| Untracked 
| 488|0x000000073d000000, 0x000000073d200000, 0x000000073d200000|100%| O|  |TAMS 0x000000073d000000, 0x000000073d000000| Untracked 
| 489|0x000000073d200000, 0x000000073d400000, 0x000000073d400000|100%| O|  |TAMS 0x000000073d200000, 0x000000073d200000| Untracked 
| 490|0x000000073d400000, 0x000000073d600000, 0x000000073d600000|100%| O|  |TAMS 0x000000073d400000, 0x000000073d400000| Untracked 
| 491|0x000000073d600000, 0x000000073d800000, 0x000000073d800000|100%| O|  |TAMS 0x000000073d600000, 0x000000073d600000| Untracked 
| 492|0x000000073d800000, 0x000000073da00000, 0x000000073da00000|100%| O|  |TAMS 0x000000073d800000, 0x000000073d800000| Untracked 
| 493|0x000000073da00000, 0x000000073dc00000, 0x000000073dc00000|100%| O|  |TAMS 0x000000073da00000, 0x000000073da00000| Untracked 
| 494|0x000000073dc00000, 0x000000073de00000, 0x000000073de00000|100%| O|  |TAMS 0x000000073dc00000, 0x000000073dc00000| Untracked 
| 495|0x000000073de00000, 0x000000073e000000, 0x000000073e000000|100%| O|  |TAMS 0x000000073de00000, 0x000000073de00000| Untracked 
| 496|0x000000073e000000, 0x000000073e200000, 0x000000073e200000|100%| O|  |TAMS 0x000000073e000000, 0x000000073e000000| Untracked 
| 497|0x000000073e200000, 0x000000073e400000, 0x000000073e400000|100%| O|  |TAMS 0x000000073e200000, 0x000000073e200000| Untracked 
| 498|0x000000073e400000, 0x000000073e600000, 0x000000073e600000|100%| O|  |TAMS 0x000000073e400000, 0x000000073e400000| Untracked 
| 499|0x000000073e600000, 0x000000073e800000, 0x000000073e800000|100%| O|  |TAMS 0x000000073e600000, 0x000000073e600000| Untracked 
| 500|0x000000073e800000, 0x000000073ea00000, 0x000000073ea00000|100%| O|  |TAMS 0x000000073e800000, 0x000000073e800000| Untracked 
| 501|0x000000073ea00000, 0x000000073ec00000, 0x000000073ec00000|100%| O|  |TAMS 0x000000073ea00000, 0x000000073ea00000| Untracked 
| 502|0x000000073ec00000, 0x000000073ee00000, 0x000000073ee00000|100%| O|  |TAMS 0x000000073ec00000, 0x000000073ec00000| Untracked 
| 503|0x000000073ee00000, 0x000000073f000000, 0x000000073f000000|100%| O|  |TAMS 0x000000073ee00000, 0x000000073ee00000| Untracked 
| 504|0x000000073f000000, 0x000000073f200000, 0x000000073f200000|100%| O|  |TAMS 0x000000073f000000, 0x000000073f000000| Untracked 
| 505|0x000000073f200000, 0x000000073f400000, 0x000000073f400000|100%| O|  |TAMS 0x000000073f200000, 0x000000073f200000| Untracked 
| 506|0x000000073f400000, 0x000000073f600000, 0x000000073f600000|100%| O|  |TAMS 0x000000073f400000, 0x000000073f400000| Untracked 
| 507|0x000000073f600000, 0x000000073f800000, 0x000000073f800000|100%| O|  |TAMS 0x000000073f600000, 0x000000073f600000| Untracked 
| 508|0x000000073f800000, 0x000000073fa00000, 0x000000073fa00000|100%| O|  |TAMS 0x000000073f800000, 0x000000073f800000| Untracked 
| 509|0x000000073fa00000, 0x000000073fc00000, 0x000000073fc00000|100%| O|  |TAMS 0x000000073fa00000, 0x000000073fa00000| Untracked 
| 510|0x000000073fc00000, 0x000000073fe00000, 0x000000073fe00000|100%| O|  |TAMS 0x000000073fc00000, 0x000000073fc00000| Untracked 
| 511|0x000000073fe00000, 0x0000000740000000, 0x0000000740000000|100%| O|  |TAMS 0x000000073fe00000, 0x000000073fe00000| Untracked 
| 512|0x0000000740000000, 0x0000000740200000, 0x0000000740200000|100%| O|  |TAMS 0x0000000740000000, 0x0000000740000000| Untracked 
| 513|0x0000000740200000, 0x0000000740400000, 0x0000000740400000|100%| O|  |TAMS 0x0000000740200000, 0x0000000740200000| Untracked 
| 514|0x0000000740400000, 0x0000000740600000, 0x0000000740600000|100%| O|  |TAMS 0x0000000740400000, 0x0000000740400000| Untracked 
| 515|0x0000000740600000, 0x0000000740800000, 0x0000000740800000|100%| O|  |TAMS 0x0000000740600000, 0x0000000740600000| Untracked 
| 516|0x0000000740800000, 0x0000000740a00000, 0x0000000740a00000|100%| O|  |TAMS 0x0000000740800000, 0x0000000740800000| Untracked 
| 517|0x0000000740a00000, 0x0000000740c00000, 0x0000000740c00000|100%| O|  |TAMS 0x0000000740a00000, 0x0000000740a00000| Untracked 
| 518|0x0000000740c00000, 0x0000000740e00000, 0x0000000740e00000|100%| O|  |TAMS 0x0000000740c00000, 0x0000000740c00000| Untracked 
| 519|0x0000000740e00000, 0x0000000741000000, 0x0000000741000000|100%| O|  |TAMS 0x0000000740e00000, 0x0000000740e00000| Untracked 
| 520|0x0000000741000000, 0x0000000741200000, 0x0000000741200000|100%| O|  |TAMS 0x0000000741000000, 0x0000000741000000| Untracked 
| 521|0x0000000741200000, 0x0000000741400000, 0x0000000741400000|100%| O|  |TAMS 0x0000000741200000, 0x0000000741200000| Untracked 
| 522|0x0000000741400000, 0x0000000741600000, 0x0000000741600000|100%| O|  |TAMS 0x0000000741400000, 0x0000000741400000| Untracked 
| 523|0x0000000741600000, 0x0000000741800000, 0x0000000741800000|100%| O|  |TAMS 0x0000000741600000, 0x0000000741600000| Untracked 
| 524|0x0000000741800000, 0x0000000741a00000, 0x0000000741a00000|100%| O|  |TAMS 0x0000000741800000, 0x0000000741800000| Untracked 
| 525|0x0000000741a00000, 0x0000000741c00000, 0x0000000741c00000|100%| O|  |TAMS 0x0000000741a00000, 0x0000000741a00000| Untracked 
| 526|0x0000000741c00000, 0x0000000741e00000, 0x0000000741e00000|100%| O|  |TAMS 0x0000000741c00000, 0x0000000741c00000| Untracked 
| 527|0x0000000741e00000, 0x0000000742000000, 0x0000000742000000|100%| O|  |TAMS 0x0000000741e00000, 0x0000000741e00000| Untracked 
| 528|0x0000000742000000, 0x0000000742200000, 0x0000000742200000|100%| O|  |TAMS 0x0000000742000000, 0x0000000742000000| Untracked 
| 529|0x0000000742200000, 0x0000000742400000, 0x0000000742400000|100%| O|  |TAMS 0x0000000742200000, 0x0000000742200000| Untracked 
| 530|0x0000000742400000, 0x0000000742600000, 0x0000000742600000|100%| O|  |TAMS 0x0000000742400000, 0x0000000742400000| Untracked 
| 531|0x0000000742600000, 0x0000000742800000, 0x0000000742800000|100%| O|  |TAMS 0x0000000742600000, 0x0000000742600000| Untracked 
| 532|0x0000000742800000, 0x0000000742a00000, 0x0000000742a00000|100%| O|  |TAMS 0x0000000742800000, 0x0000000742800000| Untracked 
| 533|0x0000000742a00000, 0x0000000742c00000, 0x0000000742c00000|100%| O|  |TAMS 0x0000000742a00000, 0x0000000742a00000| Untracked 
| 534|0x0000000742c00000, 0x0000000742e00000, 0x0000000742e00000|100%| O|  |TAMS 0x0000000742c00000, 0x0000000742c00000| Untracked 
| 535|0x0000000742e00000, 0x0000000743000000, 0x0000000743000000|100%| O|  |TAMS 0x0000000742e00000, 0x0000000742e00000| Untracked 
| 536|0x0000000743000000, 0x0000000743200000, 0x0000000743200000|100%| O|  |TAMS 0x0000000743000000, 0x0000000743000000| Untracked 
| 537|0x0000000743200000, 0x0000000743400000, 0x0000000743400000|100%| O|  |TAMS 0x0000000743200000, 0x0000000743200000| Untracked 
| 538|0x0000000743400000, 0x0000000743600000, 0x0000000743600000|100%| O|  |TAMS 0x0000000743400000, 0x0000000743400000| Untracked 
| 539|0x0000000743600000, 0x0000000743800000, 0x0000000743800000|100%| O|  |TAMS 0x0000000743600000, 0x0000000743600000| Untracked 
| 540|0x0000000743800000, 0x0000000743a00000, 0x0000000743a00000|100%| O|  |TAMS 0x0000000743800000, 0x0000000743800000| Untracked 
| 541|0x0000000743a00000, 0x0000000743c00000, 0x0000000743c00000|100%| O|  |TAMS 0x0000000743a00000, 0x0000000743a00000| Untracked 
| 542|0x0000000743c00000, 0x0000000743e00000, 0x0000000743e00000|100%| O|  |TAMS 0x0000000743c00000, 0x0000000743c00000| Untracked 
| 543|0x0000000743e00000, 0x0000000744000000, 0x0000000744000000|100%| O|  |TAMS 0x0000000743e00000, 0x0000000743e00000| Untracked 
| 544|0x0000000744000000, 0x0000000744200000, 0x0000000744200000|100%| O|  |TAMS 0x0000000744000000, 0x0000000744000000| Untracked 
| 545|0x0000000744200000, 0x0000000744400000, 0x0000000744400000|100%| O|  |TAMS 0x0000000744200000, 0x0000000744200000| Untracked 
| 546|0x0000000744400000, 0x0000000744600000, 0x0000000744600000|100%| O|  |TAMS 0x0000000744400000, 0x0000000744400000| Untracked 
| 547|0x0000000744600000, 0x0000000744800000, 0x0000000744800000|100%| O|  |TAMS 0x0000000744600000, 0x0000000744600000| Untracked 
| 548|0x0000000744800000, 0x0000000744a00000, 0x0000000744a00000|100%| O|  |TAMS 0x0000000744800000, 0x0000000744800000| Untracked 
| 549|0x0000000744a00000, 0x0000000744c00000, 0x0000000744c00000|100%| O|  |TAMS 0x0000000744a00000, 0x0000000744a00000| Untracked 
| 550|0x0000000744c00000, 0x0000000744e00000, 0x0000000744e00000|100%| O|  |TAMS 0x0000000744c00000, 0x0000000744c00000| Untracked 
| 551|0x0000000744e00000, 0x0000000745000000, 0x0000000745000000|100%| O|  |TAMS 0x0000000744e00000, 0x0000000744e00000| Untracked 
| 552|0x0000000745000000, 0x0000000745200000, 0x0000000745200000|100%| O|  |TAMS 0x0000000745000000, 0x0000000745000000| Untracked 
| 553|0x0000000745200000, 0x0000000745400000, 0x0000000745400000|100%| O|  |TAMS 0x0000000745200000, 0x0000000745200000| Untracked 
| 554|0x0000000745400000, 0x0000000745600000, 0x0000000745600000|100%| O|  |TAMS 0x0000000745400000, 0x0000000745400000| Untracked 
| 555|0x0000000745600000, 0x0000000745800000, 0x0000000745800000|100%| O|  |TAMS 0x0000000745600000, 0x0000000745600000| Untracked 
| 556|0x0000000745800000, 0x0000000745a00000, 0x0000000745a00000|100%| O|  |TAMS 0x0000000745800000, 0x0000000745800000| Untracked 
| 557|0x0000000745a00000, 0x0000000745c00000, 0x0000000745c00000|100%| O|  |TAMS 0x0000000745a00000, 0x0000000745a00000| Untracked 
| 558|0x0000000745c00000, 0x0000000745e00000, 0x0000000745e00000|100%| O|  |TAMS 0x0000000745c00000, 0x0000000745c00000| Untracked 
| 559|0x0000000745e00000, 0x0000000746000000, 0x0000000746000000|100%| O|  |TAMS 0x0000000745e00000, 0x0000000745e00000| Untracked 
| 560|0x0000000746000000, 0x0000000746200000, 0x0000000746200000|100%| O|  |TAMS 0x0000000746000000, 0x0000000746000000| Untracked 
| 561|0x0000000746200000, 0x0000000746400000, 0x0000000746400000|100%| O|  |TAMS 0x0000000746200000, 0x0000000746200000| Untracked 
| 562|0x0000000746400000, 0x0000000746600000, 0x0000000746600000|100%| O|  |TAMS 0x0000000746400000, 0x0000000746400000| Untracked 
| 563|0x0000000746600000, 0x0000000746800000, 0x0000000746800000|100%| O|  |TAMS 0x0000000746600000, 0x0000000746600000| Untracked 
| 564|0x0000000746800000, 0x0000000746a00000, 0x0000000746a00000|100%| O|  |TAMS 0x0000000746800000, 0x0000000746800000| Untracked 
| 565|0x0000000746a00000, 0x0000000746c00000, 0x0000000746c00000|100%| O|  |TAMS 0x0000000746a00000, 0x0000000746a00000| Untracked 
| 566|0x0000000746c00000, 0x0000000746e00000, 0x0000000746e00000|100%| O|  |TAMS 0x0000000746c00000, 0x0000000746c00000| Untracked 
| 567|0x0000000746e00000, 0x0000000747000000, 0x0000000747000000|100%| O|  |TAMS 0x0000000746e00000, 0x0000000746e00000| Untracked 
| 568|0x0000000747000000, 0x0000000747200000, 0x0000000747200000|100%| O|  |TAMS 0x0000000747000000, 0x0000000747000000| Untracked 
| 569|0x0000000747200000, 0x0000000747400000, 0x0000000747400000|100%| O|  |TAMS 0x0000000747200000, 0x0000000747200000| Untracked 
| 570|0x0000000747400000, 0x0000000747600000, 0x0000000747600000|100%| O|  |TAMS 0x0000000747400000, 0x0000000747400000| Untracked 
| 571|0x0000000747600000, 0x0000000747800000, 0x0000000747800000|100%| O|  |TAMS 0x0000000747600000, 0x0000000747600000| Untracked 
| 572|0x0000000747800000, 0x0000000747a00000, 0x0000000747a00000|100%| O|  |TAMS 0x0000000747800000, 0x0000000747800000| Untracked 
| 573|0x0000000747a00000, 0x0000000747c00000, 0x0000000747c00000|100%| O|  |TAMS 0x0000000747a00000, 0x0000000747a00000| Untracked 
| 574|0x0000000747c00000, 0x0000000747e00000, 0x0000000747e00000|100%| O|  |TAMS 0x0000000747c00000, 0x0000000747c00000| Untracked 
| 575|0x0000000747e00000, 0x0000000748000000, 0x0000000748000000|100%| O|  |TAMS 0x0000000747e00000, 0x0000000747e00000| Untracked 
| 576|0x0000000748000000, 0x0000000748200000, 0x0000000748200000|100%| O|  |TAMS 0x0000000748000000, 0x0000000748000000| Untracked 
| 577|0x0000000748200000, 0x0000000748400000, 0x0000000748400000|100%| O|  |TAMS 0x0000000748200000, 0x0000000748200000| Untracked 
| 578|0x0000000748400000, 0x0000000748600000, 0x0000000748600000|100%| O|  |TAMS 0x0000000748400000, 0x0000000748400000| Untracked 
| 579|0x0000000748600000, 0x0000000748800000, 0x0000000748800000|100%| O|  |TAMS 0x0000000748600000, 0x0000000748600000| Untracked 
| 580|0x0000000748800000, 0x0000000748a00000, 0x0000000748a00000|100%| O|  |TAMS 0x0000000748800000, 0x0000000748800000| Untracked 
| 581|0x0000000748a00000, 0x0000000748c00000, 0x0000000748c00000|100%| O|  |TAMS 0x0000000748a00000, 0x0000000748a00000| Untracked 
| 582|0x0000000748c00000, 0x0000000748e00000, 0x0000000748e00000|100%| O|  |TAMS 0x0000000748c00000, 0x0000000748c00000| Untracked 
| 583|0x0000000748e00000, 0x0000000749000000, 0x0000000749000000|100%| O|  |TAMS 0x0000000748e00000, 0x0000000748e00000| Untracked 
| 584|0x0000000749000000, 0x0000000749200000, 0x0000000749200000|100%| O|  |TAMS 0x0000000749000000, 0x0000000749000000| Untracked 
| 585|0x0000000749200000, 0x0000000749400000, 0x0000000749400000|100%| O|  |TAMS 0x0000000749200000, 0x0000000749200000| Untracked 
| 586|0x0000000749400000, 0x0000000749600000, 0x0000000749600000|100%| O|  |TAMS 0x0000000749400000, 0x0000000749400000| Untracked 
| 587|0x0000000749600000, 0x0000000749800000, 0x0000000749800000|100%| O|  |TAMS 0x0000000749600000, 0x0000000749600000| Untracked 
| 588|0x0000000749800000, 0x0000000749a00000, 0x0000000749a00000|100%| O|  |TAMS 0x0000000749800000, 0x0000000749800000| Untracked 
| 589|0x0000000749a00000, 0x0000000749c00000, 0x0000000749c00000|100%| O|  |TAMS 0x0000000749a00000, 0x0000000749a00000| Untracked 
| 590|0x0000000749c00000, 0x0000000749e00000, 0x0000000749e00000|100%| O|  |TAMS 0x0000000749c00000, 0x0000000749c00000| Untracked 
| 591|0x0000000749e00000, 0x000000074a000000, 0x000000074a000000|100%| O|  |TAMS 0x0000000749e00000, 0x0000000749e00000| Untracked 
| 592|0x000000074a000000, 0x000000074a200000, 0x000000074a200000|100%| O|  |TAMS 0x000000074a000000, 0x000000074a000000| Untracked 
| 593|0x000000074a200000, 0x000000074a400000, 0x000000074a400000|100%| O|  |TAMS 0x000000074a200000, 0x000000074a200000| Untracked 
| 594|0x000000074a400000, 0x000000074a600000, 0x000000074a600000|100%| O|  |TAMS 0x000000074a400000, 0x000000074a400000| Untracked 
| 595|0x000000074a600000, 0x000000074a800000, 0x000000074a800000|100%| O|  |TAMS 0x000000074a600000, 0x000000074a600000| Untracked 
| 596|0x000000074a800000, 0x000000074aa00000, 0x000000074aa00000|100%| O|  |TAMS 0x000000074a800000, 0x000000074a800000| Untracked 
| 597|0x000000074aa00000, 0x000000074ac00000, 0x000000074ac00000|100%| O|  |TAMS 0x000000074aa00000, 0x000000074aa00000| Untracked 
| 598|0x000000074ac00000, 0x000000074ae00000, 0x000000074ae00000|100%| O|  |TAMS 0x000000074ac00000, 0x000000074ac00000| Untracked 
| 599|0x000000074ae00000, 0x000000074b000000, 0x000000074b000000|100%| O|  |TAMS 0x000000074ae00000, 0x000000074ae00000| Untracked 
| 600|0x000000074b000000, 0x000000074b200000, 0x000000074b200000|100%| O|  |TAMS 0x000000074b000000, 0x000000074b000000| Untracked 
| 601|0x000000074b200000, 0x000000074b400000, 0x000000074b400000|100%| O|  |TAMS 0x000000074b200000, 0x000000074b200000| Untracked 
| 602|0x000000074b400000, 0x000000074b600000, 0x000000074b600000|100%| O|  |TAMS 0x000000074b400000, 0x000000074b400000| Untracked 
| 603|0x000000074b600000, 0x000000074b800000, 0x000000074b800000|100%| O|  |TAMS 0x000000074b600000, 0x000000074b600000| Untracked 
| 604|0x000000074b800000, 0x000000074ba00000, 0x000000074ba00000|100%| O|  |TAMS 0x000000074b800000, 0x000000074b800000| Untracked 
| 605|0x000000074ba00000, 0x000000074bc00000, 0x000000074bc00000|100%| O|  |TAMS 0x000000074ba00000, 0x000000074ba00000| Untracked 
| 606|0x000000074bc00000, 0x000000074be00000, 0x000000074be00000|100%| O|  |TAMS 0x000000074bc00000, 0x000000074bc00000| Untracked 
| 607|0x000000074be00000, 0x000000074c000000, 0x000000074c000000|100%| O|  |TAMS 0x000000074be00000, 0x000000074be00000| Untracked 
| 608|0x000000074c000000, 0x000000074c200000, 0x000000074c200000|100%| O|  |TAMS 0x000000074c000000, 0x000000074c000000| Untracked 
| 609|0x000000074c200000, 0x000000074c200000, 0x000000074c400000|  0%| F|  |TAMS 0x000000074c200000, 0x000000074c200000| Untracked 
| 610|0x000000074c400000, 0x000000074c400000, 0x000000074c600000|  0%| F|  |TAMS 0x000000074c400000, 0x000000074c400000| Untracked 
| 611|0x000000074c600000, 0x000000074c800000, 0x000000074c800000|100%| O|  |TAMS 0x000000074c600000, 0x000000074c600000| Untracked 
| 612|0x000000074c800000, 0x000000074ca00000, 0x000000074ca00000|100%| O|  |TAMS 0x000000074c800000, 0x000000074c800000| Untracked 
| 613|0x000000074ca00000, 0x000000074cc00000, 0x000000074cc00000|100%| O|  |TAMS 0x000000074ca00000, 0x000000074ca00000| Untracked 
| 614|0x000000074cc00000, 0x000000074ce00000, 0x000000074ce00000|100%| O|  |TAMS 0x000000074cc00000, 0x000000074cc00000| Untracked 
| 615|0x000000074ce00000, 0x000000074d000000, 0x000000074d000000|100%| O|  |TAMS 0x000000074ce00000, 0x000000074ce00000| Untracked 
| 616|0x000000074d000000, 0x000000074d05c600, 0x000000074d200000| 18%| O|  |TAMS 0x000000074d000000, 0x000000074d000000| Untracked 
| 617|0x000000074d200000, 0x000000074d400000, 0x000000074d400000|100%| O|  |TAMS 0x000000074d200000, 0x000000074d200000| Untracked 
| 618|0x000000074d400000, 0x000000074d400000, 0x000000074d600000|  0%| F|  |TAMS 0x000000074d400000, 0x000000074d400000| Untracked 
| 619|0x000000074d600000, 0x000000074d600000, 0x000000074d800000|  0%| F|  |TAMS 0x000000074d600000, 0x000000074d600000| Untracked 
| 620|0x000000074d800000, 0x000000074d800000, 0x000000074da00000|  0%| F|  |TAMS 0x000000074d800000, 0x000000074d800000| Untracked 
| 621|0x000000074da00000, 0x000000074da00000, 0x000000074dc00000|  0%| F|  |TAMS 0x000000074da00000, 0x000000074da00000| Untracked 
| 622|0x000000074dc00000, 0x000000074dc00000, 0x000000074de00000|  0%| F|  |TAMS 0x000000074dc00000, 0x000000074dc00000| Untracked 
| 623|0x000000074de00000, 0x000000074de00000, 0x000000074e000000|  0%| F|  |TAMS 0x000000074de00000, 0x000000074de00000| Untracked 
| 624|0x000000074e000000, 0x000000074e000000, 0x000000074e200000|  0%| F|  |TAMS 0x000000074e000000, 0x000000074e000000| Untracked 
| 625|0x000000074e200000, 0x000000074e200000, 0x000000074e400000|  0%| F|  |TAMS 0x000000074e200000, 0x000000074e200000| Untracked 
| 626|0x000000074e400000, 0x000000074e400000, 0x000000074e600000|  0%| F|  |TAMS 0x000000074e400000, 0x000000074e400000| Untracked 
| 627|0x000000074e600000, 0x000000074e600000, 0x000000074e800000|  0%| F|  |TAMS 0x000000074e600000, 0x000000074e600000| Untracked 
| 628|0x000000074e800000, 0x000000074e800000, 0x000000074ea00000|  0%| F|  |TAMS 0x000000074e800000, 0x000000074e800000| Untracked 
| 629|0x000000074ea00000, 0x000000074ea00000, 0x000000074ec00000|  0%| F|  |TAMS 0x000000074ea00000, 0x000000074ea00000| Untracked 
| 630|0x000000074ec00000, 0x000000074ec00000, 0x000000074ee00000|  0%| F|  |TAMS 0x000000074ec00000, 0x000000074ec00000| Untracked 
| 631|0x000000074ee00000, 0x000000074ee00000, 0x000000074f000000|  0%| F|  |TAMS 0x000000074ee00000, 0x000000074ee00000| Untracked 
| 632|0x000000074f000000, 0x000000074f000000, 0x000000074f200000|  0%| F|  |TAMS 0x000000074f000000, 0x000000074f000000| Untracked 
| 633|0x000000074f200000, 0x000000074f200000, 0x000000074f400000|  0%| F|  |TAMS 0x000000074f200000, 0x000000074f200000| Untracked 
| 634|0x000000074f400000, 0x000000074f400000, 0x000000074f600000|  0%| F|  |TAMS 0x000000074f400000, 0x000000074f400000| Untracked 
| 635|0x000000074f600000, 0x000000074f600000, 0x000000074f800000|  0%| F|  |TAMS 0x000000074f600000, 0x000000074f600000| Untracked 
| 636|0x000000074f800000, 0x000000074f800000, 0x000000074fa00000|  0%| F|  |TAMS 0x000000074f800000, 0x000000074f800000| Untracked 
| 637|0x000000074fa00000, 0x000000074fa00000, 0x000000074fc00000|  0%| F|  |TAMS 0x000000074fa00000, 0x000000074fa00000| Untracked 
| 638|0x000000074fc00000, 0x000000074fc00000, 0x000000074fe00000|  0%| F|  |TAMS 0x000000074fc00000, 0x000000074fc00000| Untracked 
| 639|0x000000074fe00000, 0x000000074fe00000, 0x0000000750000000|  0%| F|  |TAMS 0x000000074fe00000, 0x000000074fe00000| Untracked 
| 640|0x0000000750000000, 0x0000000750000000, 0x0000000750200000|  0%| F|  |TAMS 0x0000000750000000, 0x0000000750000000| Untracked 
| 641|0x0000000750200000, 0x0000000750200000, 0x0000000750400000|  0%| F|  |TAMS 0x0000000750200000, 0x0000000750200000| Untracked 
| 642|0x0000000750400000, 0x0000000750400000, 0x0000000750600000|  0%| F|  |TAMS 0x0000000750400000, 0x0000000750400000| Untracked 
| 643|0x0000000750600000, 0x0000000750600000, 0x0000000750800000|  0%| F|  |TAMS 0x0000000750600000, 0x0000000750600000| Untracked 
| 644|0x0000000750800000, 0x0000000750800000, 0x0000000750a00000|  0%| F|  |TAMS 0x0000000750800000, 0x0000000750800000| Untracked 
| 645|0x0000000750a00000, 0x0000000750a00000, 0x0000000750c00000|  0%| F|  |TAMS 0x0000000750a00000, 0x0000000750a00000| Untracked 
| 646|0x0000000750c00000, 0x0000000750c00000, 0x0000000750e00000|  0%| F|  |TAMS 0x0000000750c00000, 0x0000000750c00000| Untracked 
| 647|0x0000000750e00000, 0x0000000750e00000, 0x0000000751000000|  0%| F|  |TAMS 0x0000000750e00000, 0x0000000750e00000| Untracked 
| 648|0x0000000751000000, 0x0000000751000000, 0x0000000751200000|  0%| F|  |TAMS 0x0000000751000000, 0x0000000751000000| Untracked 
| 649|0x0000000751200000, 0x0000000751200000, 0x0000000751400000|  0%| F|  |TAMS 0x0000000751200000, 0x0000000751200000| Untracked 
| 650|0x0000000751400000, 0x0000000751400000, 0x0000000751600000|  0%| F|  |TAMS 0x0000000751400000, 0x0000000751400000| Untracked 
| 651|0x0000000751600000, 0x0000000751600000, 0x0000000751800000|  0%| F|  |TAMS 0x0000000751600000, 0x0000000751600000| Untracked 
| 652|0x0000000751800000, 0x0000000751800000, 0x0000000751a00000|  0%| F|  |TAMS 0x0000000751800000, 0x0000000751800000| Untracked 
| 653|0x0000000751a00000, 0x0000000751a00000, 0x0000000751c00000|  0%| F|  |TAMS 0x0000000751a00000, 0x0000000751a00000| Untracked 
| 654|0x0000000751c00000, 0x0000000751c00000, 0x0000000751e00000|  0%| F|  |TAMS 0x0000000751c00000, 0x0000000751c00000| Untracked 
| 655|0x0000000751e00000, 0x0000000751e00000, 0x0000000752000000|  0%| F|  |TAMS 0x0000000751e00000, 0x0000000751e00000| Untracked 
| 656|0x0000000752000000, 0x0000000752000000, 0x0000000752200000|  0%| F|  |TAMS 0x0000000752000000, 0x0000000752000000| Untracked 
| 657|0x0000000752200000, 0x0000000752200000, 0x0000000752400000|  0%| F|  |TAMS 0x0000000752200000, 0x0000000752200000| Untracked 
| 658|0x0000000752400000, 0x0000000752400000, 0x0000000752600000|  0%| F|  |TAMS 0x0000000752400000, 0x0000000752400000| Untracked 
| 659|0x0000000752600000, 0x0000000752600000, 0x0000000752800000|  0%| F|  |TAMS 0x0000000752600000, 0x0000000752600000| Untracked 
| 660|0x0000000752800000, 0x0000000752800000, 0x0000000752a00000|  0%| F|  |TAMS 0x0000000752800000, 0x0000000752800000| Untracked 
| 661|0x0000000752a00000, 0x0000000752a00000, 0x0000000752c00000|  0%| F|  |TAMS 0x0000000752a00000, 0x0000000752a00000| Untracked 
| 662|0x0000000752c00000, 0x0000000752c00000, 0x0000000752e00000|  0%| F|  |TAMS 0x0000000752c00000, 0x0000000752c00000| Untracked 
| 663|0x0000000752e00000, 0x0000000752e00000, 0x0000000753000000|  0%| F|  |TAMS 0x0000000752e00000, 0x0000000752e00000| Untracked 
| 664|0x0000000753000000, 0x0000000753000000, 0x0000000753200000|  0%| F|  |TAMS 0x0000000753000000, 0x0000000753000000| Untracked 
| 665|0x0000000753200000, 0x0000000753200000, 0x0000000753400000|  0%| F|  |TAMS 0x0000000753200000, 0x0000000753200000| Untracked 
| 666|0x0000000753400000, 0x0000000753400000, 0x0000000753600000|  0%| F|  |TAMS 0x0000000753400000, 0x0000000753400000| Untracked 
| 667|0x0000000753600000, 0x0000000753600000, 0x0000000753800000|  0%| F|  |TAMS 0x0000000753600000, 0x0000000753600000| Untracked 
| 668|0x0000000753800000, 0x0000000753800000, 0x0000000753a00000|  0%| F|  |TAMS 0x0000000753800000, 0x0000000753800000| Untracked 
| 669|0x0000000753a00000, 0x0000000753a00000, 0x0000000753c00000|  0%| F|  |TAMS 0x0000000753a00000, 0x0000000753a00000| Untracked 
| 670|0x0000000753c00000, 0x0000000753c00000, 0x0000000753e00000|  0%| F|  |TAMS 0x0000000753c00000, 0x0000000753c00000| Untracked 
| 671|0x0000000753e00000, 0x0000000753e00000, 0x0000000754000000|  0%| F|  |TAMS 0x0000000753e00000, 0x0000000753e00000| Untracked 
| 672|0x0000000754000000, 0x0000000754000000, 0x0000000754200000|  0%| F|  |TAMS 0x0000000754000000, 0x0000000754000000| Untracked 
| 673|0x0000000754200000, 0x0000000754200000, 0x0000000754400000|  0%| F|  |TAMS 0x0000000754200000, 0x0000000754200000| Untracked 
| 674|0x0000000754400000, 0x0000000754400000, 0x0000000754600000|  0%| F|  |TAMS 0x0000000754400000, 0x0000000754400000| Untracked 
| 675|0x0000000754600000, 0x0000000754600000, 0x0000000754800000|  0%| F|  |TAMS 0x0000000754600000, 0x0000000754600000| Untracked 
| 676|0x0000000754800000, 0x0000000754800000, 0x0000000754a00000|  0%| F|  |TAMS 0x0000000754800000, 0x0000000754800000| Untracked 
| 677|0x0000000754a00000, 0x0000000754a00000, 0x0000000754c00000|  0%| F|  |TAMS 0x0000000754a00000, 0x0000000754a00000| Untracked 
| 678|0x0000000754c00000, 0x0000000754c00000, 0x0000000754e00000|  0%| F|  |TAMS 0x0000000754c00000, 0x0000000754c00000| Untracked 
| 679|0x0000000754e00000, 0x0000000754e00000, 0x0000000755000000|  0%| F|  |TAMS 0x0000000754e00000, 0x0000000754e00000| Untracked 
| 680|0x0000000755000000, 0x0000000755000000, 0x0000000755200000|  0%| F|  |TAMS 0x0000000755000000, 0x0000000755000000| Untracked 
| 681|0x0000000755200000, 0x0000000755200000, 0x0000000755400000|  0%| F|  |TAMS 0x0000000755200000, 0x0000000755200000| Untracked 
| 682|0x0000000755400000, 0x0000000755400000, 0x0000000755600000|  0%| F|  |TAMS 0x0000000755400000, 0x0000000755400000| Untracked 
| 683|0x0000000755600000, 0x0000000755600000, 0x0000000755800000|  0%| F|  |TAMS 0x0000000755600000, 0x0000000755600000| Untracked 
| 684|0x0000000755800000, 0x0000000755800000, 0x0000000755a00000|  0%| F|  |TAMS 0x0000000755800000, 0x0000000755800000| Untracked 
| 685|0x0000000755a00000, 0x0000000755a00000, 0x0000000755c00000|  0%| F|  |TAMS 0x0000000755a00000, 0x0000000755a00000| Untracked 
| 686|0x0000000755c00000, 0x0000000755c00000, 0x0000000755e00000|  0%| F|  |TAMS 0x0000000755c00000, 0x0000000755c00000| Untracked 
| 687|0x0000000755e00000, 0x0000000755e00000, 0x0000000756000000|  0%| F|  |TAMS 0x0000000755e00000, 0x0000000755e00000| Untracked 
| 688|0x0000000756000000, 0x0000000756000000, 0x0000000756200000|  0%| F|  |TAMS 0x0000000756000000, 0x0000000756000000| Untracked 
| 689|0x0000000756200000, 0x0000000756200000, 0x0000000756400000|  0%| F|  |TAMS 0x0000000756200000, 0x0000000756200000| Untracked 
| 690|0x0000000756400000, 0x0000000756400000, 0x0000000756600000|  0%| F|  |TAMS 0x0000000756400000, 0x0000000756400000| Untracked 
| 691|0x0000000756600000, 0x0000000756600000, 0x0000000756800000|  0%| F|  |TAMS 0x0000000756600000, 0x0000000756600000| Untracked 
| 692|0x0000000756800000, 0x0000000756800000, 0x0000000756a00000|  0%| F|  |TAMS 0x0000000756800000, 0x0000000756800000| Untracked 
| 693|0x0000000756a00000, 0x0000000756a00000, 0x0000000756c00000|  0%| F|  |TAMS 0x0000000756a00000, 0x0000000756a00000| Untracked 
| 694|0x0000000756c00000, 0x0000000756c00000, 0x0000000756e00000|  0%| F|  |TAMS 0x0000000756c00000, 0x0000000756c00000| Untracked 
| 695|0x0000000756e00000, 0x0000000756e00000, 0x0000000757000000|  0%| F|  |TAMS 0x0000000756e00000, 0x0000000756e00000| Untracked 
| 696|0x0000000757000000, 0x0000000757000000, 0x0000000757200000|  0%| F|  |TAMS 0x0000000757000000, 0x0000000757000000| Untracked 
| 697|0x0000000757200000, 0x0000000757200000, 0x0000000757400000|  0%| F|  |TAMS 0x0000000757200000, 0x0000000757200000| Untracked 
| 698|0x0000000757400000, 0x0000000757400000, 0x0000000757600000|  0%| F|  |TAMS 0x0000000757400000, 0x0000000757400000| Untracked 
| 699|0x0000000757600000, 0x0000000757800000, 0x0000000757800000|100%| S|CS|TAMS 0x0000000757600000, 0x0000000757600000| Complete 
| 700|0x0000000757800000, 0x0000000757a00000, 0x0000000757a00000|100%| S|CS|TAMS 0x0000000757800000, 0x0000000757800000| Complete 
| 701|0x0000000757a00000, 0x0000000757c00000, 0x0000000757c00000|100%| S|CS|TAMS 0x0000000757a00000, 0x0000000757a00000| Complete 
| 702|0x0000000757c00000, 0x0000000757e00000, 0x0000000757e00000|100%| S|CS|TAMS 0x0000000757c00000, 0x0000000757c00000| Complete 
| 703|0x0000000757e00000, 0x0000000758000000, 0x0000000758000000|100%| S|CS|TAMS 0x0000000757e00000, 0x0000000757e00000| Complete 
| 704|0x0000000758000000, 0x0000000758000000, 0x0000000758200000|  0%| F|  |TAMS 0x0000000758000000, 0x0000000758000000| Untracked 
| 705|0x0000000758200000, 0x0000000758200000, 0x0000000758400000|  0%| F|  |TAMS 0x0000000758200000, 0x0000000758200000| Untracked 
| 706|0x0000000758400000, 0x0000000758400000, 0x0000000758600000|  0%| F|  |TAMS 0x0000000758400000, 0x0000000758400000| Untracked 
| 707|0x0000000758600000, 0x0000000758600000, 0x0000000758800000|  0%| F|  |TAMS 0x0000000758600000, 0x0000000758600000| Untracked 
| 708|0x0000000758800000, 0x0000000758800000, 0x0000000758a00000|  0%| F|  |TAMS 0x0000000758800000, 0x0000000758800000| Untracked 
| 709|0x0000000758a00000, 0x0000000758a00000, 0x0000000758c00000|  0%| F|  |TAMS 0x0000000758a00000, 0x0000000758a00000| Untracked 
| 710|0x0000000758c00000, 0x0000000758c00000, 0x0000000758e00000|  0%| F|  |TAMS 0x0000000758c00000, 0x0000000758c00000| Untracked 
| 711|0x0000000758e00000, 0x0000000758e00000, 0x0000000759000000|  0%| F|  |TAMS 0x0000000758e00000, 0x0000000758e00000| Untracked 
| 712|0x0000000759000000, 0x0000000759000000, 0x0000000759200000|  0%| F|  |TAMS 0x0000000759000000, 0x0000000759000000| Untracked 
| 713|0x0000000759200000, 0x0000000759200000, 0x0000000759400000|  0%| F|  |TAMS 0x0000000759200000, 0x0000000759200000| Untracked 
| 714|0x0000000759400000, 0x0000000759400000, 0x0000000759600000|  0%| F|  |TAMS 0x0000000759400000, 0x0000000759400000| Untracked 
| 715|0x0000000759600000, 0x0000000759600000, 0x0000000759800000|  0%| F|  |TAMS 0x0000000759600000, 0x0000000759600000| Untracked 
| 716|0x0000000759800000, 0x0000000759800000, 0x0000000759a00000|  0%| F|  |TAMS 0x0000000759800000, 0x0000000759800000| Untracked 
| 717|0x0000000759a00000, 0x0000000759a00000, 0x0000000759c00000|  0%| F|  |TAMS 0x0000000759a00000, 0x0000000759a00000| Untracked 
| 718|0x0000000759c00000, 0x0000000759c00000, 0x0000000759e00000|  0%| F|  |TAMS 0x0000000759c00000, 0x0000000759c00000| Untracked 
| 719|0x0000000759e00000, 0x0000000759e00000, 0x000000075a000000|  0%| F|  |TAMS 0x0000000759e00000, 0x0000000759e00000| Untracked 
| 720|0x000000075a000000, 0x000000075a000000, 0x000000075a200000|  0%| F|  |TAMS 0x000000075a000000, 0x000000075a000000| Untracked 
| 721|0x000000075a200000, 0x000000075a200000, 0x000000075a400000|  0%| F|  |TAMS 0x000000075a200000, 0x000000075a200000| Untracked 
| 722|0x000000075a400000, 0x000000075a400000, 0x000000075a600000|  0%| F|  |TAMS 0x000000075a400000, 0x000000075a400000| Untracked 
| 723|0x000000075a600000, 0x000000075a600000, 0x000000075a800000|  0%| F|  |TAMS 0x000000075a600000, 0x000000075a600000| Untracked 
| 724|0x000000075a800000, 0x000000075a800000, 0x000000075aa00000|  0%| F|  |TAMS 0x000000075a800000, 0x000000075a800000| Untracked 
| 725|0x000000075aa00000, 0x000000075aa00000, 0x000000075ac00000|  0%| F|  |TAMS 0x000000075aa00000, 0x000000075aa00000| Untracked 
| 726|0x000000075ac00000, 0x000000075ac00000, 0x000000075ae00000|  0%| F|  |TAMS 0x000000075ac00000, 0x000000075ac00000| Untracked 
| 727|0x000000075ae00000, 0x000000075ae00000, 0x000000075b000000|  0%| F|  |TAMS 0x000000075ae00000, 0x000000075ae00000| Untracked 
| 728|0x000000075b000000, 0x000000075b000000, 0x000000075b200000|  0%| F|  |TAMS 0x000000075b000000, 0x000000075b000000| Untracked 
| 729|0x000000075b200000, 0x000000075b200000, 0x000000075b400000|  0%| F|  |TAMS 0x000000075b200000, 0x000000075b200000| Untracked 
| 730|0x000000075b400000, 0x000000075b400000, 0x000000075b600000|  0%| F|  |TAMS 0x000000075b400000, 0x000000075b400000| Untracked 
| 731|0x000000075b600000, 0x000000075b600000, 0x000000075b800000|  0%| F|  |TAMS 0x000000075b600000, 0x000000075b600000| Untracked 
| 732|0x000000075b800000, 0x000000075b800000, 0x000000075ba00000|  0%| F|  |TAMS 0x000000075b800000, 0x000000075b800000| Untracked 
| 733|0x000000075ba00000, 0x000000075ba00000, 0x000000075bc00000|  0%| F|  |TAMS 0x000000075ba00000, 0x000000075ba00000| Untracked 
| 734|0x000000075bc00000, 0x000000075bc00000, 0x000000075be00000|  0%| F|  |TAMS 0x000000075bc00000, 0x000000075bc00000| Untracked 
| 735|0x000000075be00000, 0x000000075be00000, 0x000000075c000000|  0%| F|  |TAMS 0x000000075be00000, 0x000000075be00000| Untracked 
| 736|0x000000075c000000, 0x000000075c000000, 0x000000075c200000|  0%| F|  |TAMS 0x000000075c000000, 0x000000075c000000| Untracked 
| 737|0x000000075c200000, 0x000000075c200000, 0x000000075c400000|  0%| F|  |TAMS 0x000000075c200000, 0x000000075c200000| Untracked 
| 738|0x000000075c400000, 0x000000075c400000, 0x000000075c600000|  0%| F|  |TAMS 0x000000075c400000, 0x000000075c400000| Untracked 
| 739|0x000000075c600000, 0x000000075c600000, 0x000000075c800000|  0%| F|  |TAMS 0x000000075c600000, 0x000000075c600000| Untracked 
| 740|0x000000075c800000, 0x000000075c800000, 0x000000075ca00000|  0%| F|  |TAMS 0x000000075c800000, 0x000000075c800000| Untracked 
| 741|0x000000075ca00000, 0x000000075ca00000, 0x000000075cc00000|  0%| F|  |TAMS 0x000000075ca00000, 0x000000075ca00000| Untracked 
| 742|0x000000075cc00000, 0x000000075cc00000, 0x000000075ce00000|  0%| F|  |TAMS 0x000000075cc00000, 0x000000075cc00000| Untracked 
| 743|0x000000075ce00000, 0x000000075ce00000, 0x000000075d000000|  0%| F|  |TAMS 0x000000075ce00000, 0x000000075ce00000| Untracked 
| 744|0x000000075d000000, 0x000000075d000000, 0x000000075d200000|  0%| F|  |TAMS 0x000000075d000000, 0x000000075d000000| Untracked 
| 745|0x000000075d200000, 0x000000075d200000, 0x000000075d400000|  0%| F|  |TAMS 0x000000075d200000, 0x000000075d200000| Untracked 
| 746|0x000000075d400000, 0x000000075d400000, 0x000000075d600000|  0%| F|  |TAMS 0x000000075d400000, 0x000000075d400000| Untracked 
| 747|0x000000075d600000, 0x000000075d600000, 0x000000075d800000|  0%| F|  |TAMS 0x000000075d600000, 0x000000075d600000| Untracked 
| 748|0x000000075d800000, 0x000000075d800000, 0x000000075da00000|  0%| F|  |TAMS 0x000000075d800000, 0x000000075d800000| Untracked 
| 749|0x000000075da00000, 0x000000075da00000, 0x000000075dc00000|  0%| F|  |TAMS 0x000000075da00000, 0x000000075da00000| Untracked 
| 750|0x000000075dc00000, 0x000000075dc00000, 0x000000075de00000|  0%| F|  |TAMS 0x000000075dc00000, 0x000000075dc00000| Untracked 
| 751|0x000000075de00000, 0x000000075de00000, 0x000000075e000000|  0%| F|  |TAMS 0x000000075de00000, 0x000000075de00000| Untracked 
| 752|0x000000075e000000, 0x000000075e000000, 0x000000075e200000|  0%| F|  |TAMS 0x000000075e000000, 0x000000075e000000| Untracked 
| 753|0x000000075e200000, 0x000000075e200000, 0x000000075e400000|  0%| F|  |TAMS 0x000000075e200000, 0x000000075e200000| Untracked 
| 754|0x000000075e400000, 0x000000075e400000, 0x000000075e600000|  0%| F|  |TAMS 0x000000075e400000, 0x000000075e400000| Untracked 
| 755|0x000000075e600000, 0x000000075e600000, 0x000000075e800000|  0%| F|  |TAMS 0x000000075e600000, 0x000000075e600000| Untracked 
| 756|0x000000075e800000, 0x000000075e89ed50, 0x000000075ea00000| 31%| E|  |TAMS 0x000000075e800000, 0x000000075e800000| Complete 
| 757|0x000000075ea00000, 0x000000075ec00000, 0x000000075ec00000|100%| E|CS|TAMS 0x000000075ea00000, 0x000000075ea00000| Complete 
| 758|0x000000075ec00000, 0x000000075ee00000, 0x000000075ee00000|100%| E|CS|TAMS 0x000000075ec00000, 0x000000075ec00000| Complete 
| 759|0x000000075ee00000, 0x000000075f000000, 0x000000075f000000|100%| E|CS|TAMS 0x000000075ee00000, 0x000000075ee00000| Complete 
| 760|0x000000075f000000, 0x000000075f200000, 0x000000075f200000|100%| E|CS|TAMS 0x000000075f000000, 0x000000075f000000| Complete 
| 761|0x000000075f200000, 0x000000075f400000, 0x000000075f400000|100%| E|CS|TAMS 0x000000075f200000, 0x000000075f200000| Complete 
| 762|0x000000075f400000, 0x000000075f600000, 0x000000075f600000|100%| E|CS|TAMS 0x000000075f400000, 0x000000075f400000| Complete 
| 763|0x000000075f600000, 0x000000075f800000, 0x000000075f800000|100%| E|CS|TAMS 0x000000075f600000, 0x000000075f600000| Complete 
| 764|0x000000075f800000, 0x000000075fa00000, 0x000000075fa00000|100%| E|CS|TAMS 0x000000075f800000, 0x000000075f800000| Complete 
| 765|0x000000075fa00000, 0x000000075fc00000, 0x000000075fc00000|100%| E|CS|TAMS 0x000000075fa00000, 0x000000075fa00000| Complete 
| 766|0x000000075fc00000, 0x000000075fe00000, 0x000000075fe00000|100%| E|CS|TAMS 0x000000075fc00000, 0x000000075fc00000| Complete 
| 767|0x000000075fe00000, 0x0000000760000000, 0x0000000760000000|100%| E|CS|TAMS 0x000000075fe00000, 0x000000075fe00000| Complete 
| 768|0x0000000760000000, 0x0000000760200000, 0x0000000760200000|100%| E|CS|TAMS 0x0000000760000000, 0x0000000760000000| Complete 
| 769|0x0000000760200000, 0x0000000760400000, 0x0000000760400000|100%| E|CS|TAMS 0x0000000760200000, 0x0000000760200000| Complete 
| 770|0x0000000760400000, 0x0000000760600000, 0x0000000760600000|100%| E|CS|TAMS 0x0000000760400000, 0x0000000760400000| Complete 
| 771|0x0000000760600000, 0x0000000760800000, 0x0000000760800000|100%| E|CS|TAMS 0x0000000760600000, 0x0000000760600000| Complete 
| 772|0x0000000760800000, 0x0000000760a00000, 0x0000000760a00000|100%| E|CS|TAMS 0x0000000760800000, 0x0000000760800000| Complete 
| 773|0x0000000760a00000, 0x0000000760c00000, 0x0000000760c00000|100%| E|CS|TAMS 0x0000000760a00000, 0x0000000760a00000| Complete 
| 774|0x0000000760c00000, 0x0000000760e00000, 0x0000000760e00000|100%| E|CS|TAMS 0x0000000760c00000, 0x0000000760c00000| Complete 
| 775|0x0000000760e00000, 0x0000000761000000, 0x0000000761000000|100%| E|CS|TAMS 0x0000000760e00000, 0x0000000760e00000| Complete 
| 776|0x0000000761000000, 0x0000000761200000, 0x0000000761200000|100%| E|  |TAMS 0x0000000761000000, 0x0000000761000000| Complete 
| 777|0x0000000761200000, 0x0000000761400000, 0x0000000761400000|100%| E|CS|TAMS 0x0000000761200000, 0x0000000761200000| Complete 
| 778|0x0000000761400000, 0x0000000761600000, 0x0000000761600000|100%| E|CS|TAMS 0x0000000761400000, 0x0000000761400000| Complete 
| 779|0x0000000761600000, 0x0000000761800000, 0x0000000761800000|100%| E|CS|TAMS 0x0000000761600000, 0x0000000761600000| Complete 
| 780|0x0000000761800000, 0x0000000761a00000, 0x0000000761a00000|100%| E|CS|TAMS 0x0000000761800000, 0x0000000761800000| Complete 
| 781|0x0000000761a00000, 0x0000000761c00000, 0x0000000761c00000|100%| E|CS|TAMS 0x0000000761a00000, 0x0000000761a00000| Complete 
| 782|0x0000000761c00000, 0x0000000761e00000, 0x0000000761e00000|100%| E|CS|TAMS 0x0000000761c00000, 0x0000000761c00000| Complete 
| 783|0x0000000761e00000, 0x0000000762000000, 0x0000000762000000|100%| E|CS|TAMS 0x0000000761e00000, 0x0000000761e00000| Complete 
| 784|0x0000000762000000, 0x0000000762200000, 0x0000000762200000|100%| E|CS|TAMS 0x0000000762000000, 0x0000000762000000| Complete 
| 785|0x0000000762200000, 0x0000000762400000, 0x0000000762400000|100%| E|CS|TAMS 0x0000000762200000, 0x0000000762200000| Complete 
| 786|0x0000000762400000, 0x0000000762600000, 0x0000000762600000|100%| E|CS|TAMS 0x0000000762400000, 0x0000000762400000| Complete 
| 787|0x0000000762600000, 0x0000000762800000, 0x0000000762800000|100%| E|CS|TAMS 0x0000000762600000, 0x0000000762600000| Complete 
| 788|0x0000000762800000, 0x0000000762a00000, 0x0000000762a00000|100%| E|CS|TAMS 0x0000000762800000, 0x0000000762800000| Complete 
| 789|0x0000000762a00000, 0x0000000762c00000, 0x0000000762c00000|100%| E|CS|TAMS 0x0000000762a00000, 0x0000000762a00000| Complete 
| 790|0x0000000762c00000, 0x0000000762e00000, 0x0000000762e00000|100%| E|CS|TAMS 0x0000000762c00000, 0x0000000762c00000| Complete 
| 791|0x0000000762e00000, 0x0000000763000000, 0x0000000763000000|100%| E|CS|TAMS 0x0000000762e00000, 0x0000000762e00000| Complete 
| 792|0x0000000763000000, 0x0000000763200000, 0x0000000763200000|100%| E|CS|TAMS 0x0000000763000000, 0x0000000763000000| Complete 
| 793|0x0000000763200000, 0x0000000763400000, 0x0000000763400000|100%| E|CS|TAMS 0x0000000763200000, 0x0000000763200000| Complete 
| 794|0x0000000763400000, 0x0000000763600000, 0x0000000763600000|100%| E|CS|TAMS 0x0000000763400000, 0x0000000763400000| Complete 
| 795|0x0000000763600000, 0x0000000763800000, 0x0000000763800000|100%| E|CS|TAMS 0x0000000763600000, 0x0000000763600000| Complete 
| 796|0x0000000763800000, 0x0000000763a00000, 0x0000000763a00000|100%| E|CS|TAMS 0x0000000763800000, 0x0000000763800000| Complete 
| 797|0x0000000763a00000, 0x0000000763c00000, 0x0000000763c00000|100%| E|CS|TAMS 0x0000000763a00000, 0x0000000763a00000| Complete 
| 798|0x0000000763c00000, 0x0000000763e00000, 0x0000000763e00000|100%| E|CS|TAMS 0x0000000763c00000, 0x0000000763c00000| Complete 
| 799|0x0000000763e00000, 0x0000000764000000, 0x0000000764000000|100%| E|CS|TAMS 0x0000000763e00000, 0x0000000763e00000| Complete 
| 800|0x0000000764000000, 0x0000000764200000, 0x0000000764200000|100%| E|CS|TAMS 0x0000000764000000, 0x0000000764000000| Complete 
| 801|0x0000000764200000, 0x0000000764400000, 0x0000000764400000|100%| E|CS|TAMS 0x0000000764200000, 0x0000000764200000| Complete 
| 802|0x0000000764400000, 0x0000000764600000, 0x0000000764600000|100%| E|CS|TAMS 0x0000000764400000, 0x0000000764400000| Complete 

Card table byte_map: [0x0000021999c40000,0x000002199a440000] _byte_map_base: 0x0000021996440000

Marking Bits (Prev, Next): (CMBitMap*) 0x0000021980741fe0, (CMBitMap*) 0x0000021980742020
 Prev Bits: [0x000002199ac40000, 0x000002199ec40000)
 Next Bits: [0x000002199ec40000, 0x00000219a2c40000)

Polling page: 0x00000219809a0000

Metaspace:

Usage:
  Non-class:    177.20 MB used.
      Class:     26.13 MB used.
       Both:    203.33 MB used.

Virtual space:
  Non-class space:      192.00 MB reserved,     178.69 MB ( 93%) committed,  3 nodes.
      Class space:      832.00 MB reserved,      27.38 MB (  3%) committed,  1 nodes.
             Both:        1.00 GB reserved,     206.06 MB ( 20%) committed. 

Chunk freelists:
   Non-Class:  13.03 MB
       Class:  4.63 MB
        Both:  17.66 MB

MaxMetaspaceSize: 1.00 GB
CompressedClassSpaceSize: 832.00 MB
Initial GC threshold: 21.00 MB
Current GC threshold: 310.00 MB
CDS: on
MetaspaceReclaimPolicy: balanced
 - commit_granule_bytes: 65536.
 - commit_granule_words: 8192.
 - virtual_space_node_default_size: 8388608.
 - enlarge_chunks_in_place: 1.
 - new_chunks_are_fully_committed: 0.
 - uncommit_free_chunks: 1.
 - use_allocation_guard: 0.
 - handle_deallocations: 1.


Internal statistics:

num_allocs_failed_limit: 28.
num_arena_births: 3836.
num_arena_deaths: 66.
num_vsnodes_births: 4.
num_vsnodes_deaths: 0.
num_space_committed: 3301.
num_space_uncommitted: 6.
num_chunks_returned_to_freelist: 169.
num_chunks_taken_from_freelist: 14224.
num_chunk_merges: 53.
num_chunk_splits: 8666.
num_chunks_enlarged: 4783.
num_inconsistent_stats: 0.

CodeHeap 'non-profiled nmethods': size=120000Kb used=41025Kb max_used=41293Kb free=78974Kb
 bounds [0x0000021991380000, 0x0000021993be0000, 0x00000219988b0000]
CodeHeap 'profiled nmethods': size=120000Kb used=72126Kb max_used=78101Kb free=47874Kb
 bounds [0x00000219898b0000, 0x000002198e500000, 0x0000021990de0000]
CodeHeap 'non-nmethods': size=5760Kb used=2632Kb max_used=2732Kb free=3128Kb
 bounds [0x0000021990de0000, 0x00000219910a0000, 0x0000021991380000]
 total_blobs=37850 nmethods=36655 adapters=1104
 compilation: enabled
              stopped_count=0, restarted_count=0
 full_count=0

Compilation events (20 events):
Event: 246.312 Thread 0x00000219a599ff00 53318       2       org.jetbrains.kotlin.incremental.ProtoDifferenceUtilsKt::names (110 bytes)
Event: 246.314 Thread 0x00000219a599ff00 nmethod 53318 0x000002198a1ae290 code [0x000002198a1ae580, 0x000002198a1af028]
Event: 246.314 Thread 0x00000219a599ff00 53319       3       org.jetbrains.org.objectweb.asm.tree.AnnotationNode::visitArray (76 bytes)
Event: 246.315 Thread 0x00000219a599ff00 nmethod 53319 0x000002198b8a5310 code [0x000002198b8a5540, 0x000002198b8a5e38]
Event: 246.315 Thread 0x00000219a599ff00 53316       2       org.jetbrains.kotlin.incremental.KotlinClassInfo::constantsInCompanionObject_delegate$lambda$6 (48 bytes)
Event: 246.317 Thread 0x00000219a599ff00 nmethod 53316 0x000002198a9ad510 code [0x000002198a9ad760, 0x000002198a9add78]
Event: 246.317 Thread 0x00000219a599ff00 53324       3       org.jetbrains.kotlin.metadata.jvm.deserialization.JvmNameResolverKt::toExpandedRecordsList (106 bytes)
Event: 246.319 Thread 0x00000219a599ff00 nmethod 53324 0x000002198aea7190 code [0x000002198aea7480, 0x000002198aea87e8]
Event: 246.319 Thread 0x00000219a599ff00 53322   !   3       org.jetbrains.kotlin.metadata.jvm.JvmProtoBuf$JvmFieldSignature::<init> (286 bytes)
Event: 246.322 Thread 0x00000219a599ff00 nmethod 53322 0x000002198dfe1210 code [0x000002198dfe1620, 0x000002198dfe36a8]
Event: 246.322 Thread 0x00000219a599ff00 53320       3       org.jetbrains.kotlin.metadata.jvm.JvmProtoBuf$JvmFieldSignature$1::parsePartialFrom (7 bytes)
Event: 246.322 Thread 0x00000219a599ff00 nmethod 53320 0x000002198dfe8e10 code [0x000002198dfe8fa0, 0x000002198dfe90e8]
Event: 246.322 Thread 0x00000219a599ff00 53321       3       org.jetbrains.kotlin.metadata.jvm.JvmProtoBuf$JvmFieldSignature$1::parsePartialFrom (11 bytes)
Event: 246.323 Thread 0x00000219a599ff00 nmethod 53321 0x000002198a8a5d90 code [0x000002198a8a5f40, 0x000002198a8a6148]
Event: 246.323 Thread 0x00000219a599ff00 53323       3       org.jetbrains.kotlin.metadata.jvm.JvmProtoBuf$JvmPropertySignature$Builder::mergeField (58 bytes)
Event: 246.323 Thread 0x00000219a599ff00 nmethod 53323 0x000002198dcf8f10 code [0x000002198dcf9100, 0x000002198dcf9538]
Event: 246.323 Thread 0x00000219a599ff00 53317       2       org.jetbrains.kotlin.incremental.ProtoDifferenceUtilsKt::isCompanionObject (28 bytes)
Event: 246.324 Thread 0x00000219a599ff00 nmethod 53317 0x0000021989b02010 code [0x0000021989b02200, 0x0000021989b024e8]
Event: 246.327 Thread 0x00000219a599ff00 53325       2       org.jetbrains.kotlin.incremental.classpathDiff.RegularKotlinClassSnapshot::<init> (53 bytes)
Event: 246.328 Thread 0x00000219a599ff00 nmethod 53325 0x000002198be38390 code [0x000002198be385c0, 0x000002198be38c78]

GC Heap History (20 events):
Event: 241.189 GC heap before
{Heap before GC invocations=303 (full 0):
 garbage-first heap   total 1644544K, used 1461943K [0x0000000700000000, 0x0000000800000000)
  region size 2048K, 107 young (219136K), 8 survivors (16384K)
 Metaspace       used 207819K, committed 210560K, reserved 1048576K
  class space    used 26736K, committed 28032K, reserved 851968K
}
Event: 241.203 GC heap after
{Heap after GC invocations=304 (full 0):
 garbage-first heap   total 1644544K, used 1261107K [0x0000000700000000, 0x0000000800000000)
  region size 2048K, 9 young (18432K), 9 survivors (18432K)
 Metaspace       used 207819K, committed 210560K, reserved 1048576K
  class space    used 26736K, committed 28032K, reserved 851968K
}
Event: 241.611 GC heap before
{Heap before GC invocations=304 (full 0):
 garbage-first heap   total 1644544K, used 1470003K [0x0000000700000000, 0x0000000800000000)
  region size 2048K, 111 young (227328K), 9 survivors (18432K)
 Metaspace       used 207824K, committed 210560K, reserved 1048576K
  class space    used 26736K, committed 28032K, reserved 851968K
}
Event: 241.623 GC heap after
{Heap after GC invocations=305 (full 0):
 garbage-first heap   total 1644544K, used 1258686K [0x0000000700000000, 0x0000000800000000)
  region size 2048K, 7 young (14336K), 7 survivors (14336K)
 Metaspace       used 207824K, committed 210560K, reserved 1048576K
  class space    used 26736K, committed 28032K, reserved 851968K
}
Event: 242.026 GC heap before
{Heap before GC invocations=305 (full 0):
 garbage-first heap   total 1644544K, used 1461438K [0x0000000700000000, 0x0000000800000000)
  region size 2048K, 106 young (217088K), 7 survivors (14336K)
 Metaspace       used 207838K, committed 210624K, reserved 1048576K
  class space    used 26737K, committed 28032K, reserved 851968K
}
Event: 242.039 GC heap after
{Heap after GC invocations=306 (full 0):
 garbage-first heap   total 1644544K, used 1260131K [0x0000000700000000, 0x0000000800000000)
  region size 2048K, 7 young (14336K), 7 survivors (14336K)
 Metaspace       used 207838K, committed 210624K, reserved 1048576K
  class space    used 26737K, committed 28032K, reserved 851968K
}
Event: 242.446 GC heap before
{Heap before GC invocations=306 (full 0):
 garbage-first heap   total 1644544K, used 1460835K [0x0000000700000000, 0x0000000800000000)
  region size 2048K, 106 young (217088K), 7 survivors (14336K)
 Metaspace       used 207881K, committed 210624K, reserved 1048576K
  class space    used 26737K, committed 28032K, reserved 851968K
}
Event: 242.463 GC heap after
{Heap after GC invocations=307 (full 0):
 garbage-first heap   total 1644544K, used 1266275K [0x0000000700000000, 0x0000000800000000)
  region size 2048K, 10 young (20480K), 10 survivors (20480K)
 Metaspace       used 207881K, committed 210624K, reserved 1048576K
  class space    used 26737K, committed 28032K, reserved 851968K
}
Event: 242.823 GC heap before
{Heap before GC invocations=307 (full 0):
 garbage-first heap   total 1644544K, used 1460835K [0x0000000700000000, 0x0000000800000000)
  region size 2048K, 103 young (210944K), 10 survivors (20480K)
 Metaspace       used 207893K, committed 210624K, reserved 1048576K
  class space    used 26737K, committed 28032K, reserved 851968K
}
Event: 242.840 GC heap after
{Heap after GC invocations=308 (full 0):
 garbage-first heap   total 1644544K, used 1273882K [0x0000000700000000, 0x0000000800000000)
  region size 2048K, 9 young (18432K), 9 survivors (18432K)
 Metaspace       used 207893K, committed 210624K, reserved 1048576K
  class space    used 26737K, committed 28032K, reserved 851968K
}
Event: 243.373 GC heap before
{Heap before GC invocations=308 (full 0):
 garbage-first heap   total 1644544K, used 1462298K [0x0000000700000000, 0x0000000800000000)
  region size 2048K, 99 young (202752K), 9 survivors (18432K)
 Metaspace       used 207917K, committed 210624K, reserved 1048576K
  class space    used 26738K, committed 28032K, reserved 851968K
}
Event: 243.385 GC heap after
{Heap after GC invocations=309 (full 0):
 garbage-first heap   total 1644544K, used 1265603K [0x0000000700000000, 0x0000000800000000)
  region size 2048K, 5 young (10240K), 5 survivors (10240K)
 Metaspace       used 207917K, committed 210624K, reserved 1048576K
  class space    used 26738K, committed 28032K, reserved 851968K
}
Event: 243.954 GC heap before
{Heap before GC invocations=309 (full 0):
 garbage-first heap   total 1644544K, used 1464258K [0x0000000700000000, 0x0000000800000000)
  region size 2048K, 103 young (210944K), 5 survivors (10240K)
 Metaspace       used 207959K, committed 210688K, reserved 1048576K
  class space    used 26738K, committed 28032K, reserved 851968K
}
Event: 243.964 GC heap after
{Heap after GC invocations=310 (full 0):
 garbage-first heap   total 1644544K, used 1265603K [0x0000000700000000, 0x0000000800000000)
  region size 2048K, 5 young (10240K), 5 survivors (10240K)
 Metaspace       used 207959K, committed 210688K, reserved 1048576K
  class space    used 26738K, committed 28032K, reserved 851968K
}
Event: 244.367 GC heap before
{Heap before GC invocations=310 (full 0):
 garbage-first heap   total 1644544K, used 1464259K [0x0000000700000000, 0x0000000800000000)
  region size 2048K, 103 young (210944K), 5 survivors (10240K)
 Metaspace       used 207963K, committed 210688K, reserved 1048576K
  class space    used 26738K, committed 28032K, reserved 851968K
}
Event: 244.379 GC heap after
{Heap after GC invocations=311 (full 0):
 garbage-first heap   total 1644544K, used 1269172K [0x0000000700000000, 0x0000000800000000)
  region size 2048K, 7 young (14336K), 7 survivors (14336K)
 Metaspace       used 207963K, committed 210688K, reserved 1048576K
  class space    used 26738K, committed 28032K, reserved 851968K
}
Event: 244.756 GC heap before
{Heap before GC invocations=311 (full 0):
 garbage-first heap   total 1644544K, used 1461684K [0x0000000700000000, 0x0000000800000000)
  region size 2048K, 102 young (208896K), 7 survivors (14336K)
 Metaspace       used 207978K, committed 210752K, reserved 1048576K
  class space    used 26738K, committed 28032K, reserved 851968K
}
Event: 244.771 GC heap after
{Heap after GC invocations=312 (full 0):
 garbage-first heap   total 1644544K, used 1272713K [0x0000000700000000, 0x0000000800000000)
  region size 2048K, 9 young (18432K), 9 survivors (18432K)
 Metaspace       used 207978K, committed 210752K, reserved 1048576K
  class space    used 26738K, committed 28032K, reserved 851968K
}
Event: 245.574 GC heap before
{Heap before GC invocations=312 (full 0):
 garbage-first heap   total 1644544K, used 1461129K [0x0000000700000000, 0x0000000800000000)
  region size 2048K, 100 young (204800K), 9 survivors (18432K)
 Metaspace       used 207987K, committed 210752K, reserved 1048576K
  class space    used 26738K, committed 28032K, reserved 851968K
}
Event: 245.587 GC heap after
{Heap after GC invocations=313 (full 0):
 garbage-first heap   total 1644544K, used 1268680K [0x0000000700000000, 0x0000000800000000)
  region size 2048K, 5 young (10240K), 5 survivors (10240K)
 Metaspace       used 207987K, committed 210752K, reserved 1048576K
  class space    used 26738K, committed 28032K, reserved 851968K
}

Deoptimization events (20 events):
Event: 246.048 Thread 0x00000219e37cf260 DEOPT PACKING pc=0x00000219923e9d0c sp=0x0000005a44dfb410
Event: 246.048 Thread 0x00000219e37cf260 DEOPT UNPACKING pc=0x0000021990e323a3 sp=0x0000005a44dfb498 mode 2
Event: 246.048 Thread 0x00000219e37cf260 Uncommon trap: trap_request=0xffffffbe fr.pc=0x00000219923e9d0c relative=0x00000000000079ac
Event: 246.048 Thread 0x00000219e37cf260 Uncommon trap: reason=profile_predicate action=maybe_recompile pc=0x00000219923e9d0c method=org.jetbrains.org.objectweb.asm.ClassReader.accept(Lorg/jetbrains/org/objectweb/asm/ClassVisitor;[Lorg/jetbrains/org/objectweb/asm/Attribute;I)V @ 1242 c2
Event: 246.048 Thread 0x00000219e37cf260 DEOPT PACKING pc=0x00000219923e9d0c sp=0x0000005a44dfb500
Event: 246.048 Thread 0x00000219e37cf260 DEOPT UNPACKING pc=0x0000021990e323a3 sp=0x0000005a44dfb588 mode 2
Event: 246.049 Thread 0x00000219e37cf260 Uncommon trap: trap_request=0xffffffbe fr.pc=0x00000219923e9d0c relative=0x00000000000079ac
Event: 246.049 Thread 0x00000219e37cf260 Uncommon trap: reason=profile_predicate action=maybe_recompile pc=0x00000219923e9d0c method=org.jetbrains.org.objectweb.asm.ClassReader.accept(Lorg/jetbrains/org/objectweb/asm/ClassVisitor;[Lorg/jetbrains/org/objectweb/asm/Attribute;I)V @ 1242 c2
Event: 246.049 Thread 0x00000219e37cf260 DEOPT PACKING pc=0x00000219923e9d0c sp=0x0000005a44dfb500
Event: 246.049 Thread 0x00000219e37cf260 DEOPT UNPACKING pc=0x0000021990e323a3 sp=0x0000005a44dfb588 mode 2
Event: 246.287 Thread 0x00000219e249f5e0 Uncommon trap: trap_request=0xffffffc6 fr.pc=0x0000021992047520 relative=0x0000000000000540
Event: 246.287 Thread 0x00000219e249f5e0 Uncommon trap: reason=bimorphic_or_optimized_type_check action=maybe_recompile pc=0x0000021992047520 method=java.io.BufferedOutputStream.write([BII)V @ 20 c2
Event: 246.287 Thread 0x00000219e249f5e0 DEOPT PACKING pc=0x0000021992047520 sp=0x0000005a488f8000
Event: 246.287 Thread 0x00000219e249f5e0 DEOPT UNPACKING pc=0x0000021990e323a3 sp=0x0000005a488f7f98 mode 2
Event: 246.290 Thread 0x00000219e249f5e0 Uncommon trap: trap_request=0xffffff45 fr.pc=0x0000021991f51550 relative=0x00000000000072b0
Event: 246.290 Thread 0x00000219e249f5e0 Uncommon trap: reason=unstable_if action=reinterpret pc=0x0000021991f51550 method=org.jetbrains.org.objectweb.asm.ClassReader.readElementValue(Lorg/jetbrains/org/objectweb/asm/AnnotationVisitor;ILjava/lang/String;[C)I @ 18 c2
Event: 246.290 Thread 0x00000219e249f5e0 DEOPT PACKING pc=0x0000021991f51550 sp=0x0000005a488f8150
Event: 246.290 Thread 0x00000219e249f5e0 DEOPT UNPACKING pc=0x0000021990e323a3 sp=0x0000005a488f8110 mode 2
Event: 246.317 Thread 0x00000219e249f5e0 DEOPT PACKING pc=0x000002198d18949a sp=0x0000005a488f8090
Event: 246.317 Thread 0x00000219e249f5e0 DEOPT UNPACKING pc=0x0000021990e32b43 sp=0x0000005a488f7578 mode 0

Classes unloaded (20 events):
Event: 89.781 Thread 0x00000219a59676e0 Unloading class 0x00000219a83d8c00 'java/lang/invoke/LambdaForm$DMH+0x00000219a83d8c00'
Event: 89.781 Thread 0x00000219a59676e0 Unloading class 0x00000219a83d8800 'java/lang/invoke/LambdaForm$DMH+0x00000219a83d8800'
Event: 89.781 Thread 0x00000219a59676e0 Unloading class 0x00000219a83d8400 'java/lang/invoke/LambdaForm$DMH+0x00000219a83d8400'
Event: 96.300 Thread 0x00000219a59676e0 Unloading class 0x00000219a87f8c00 'java/lang/invoke/LambdaForm$DMH+0x00000219a87f8c00'
Event: 96.300 Thread 0x00000219a59676e0 Unloading class 0x00000219a87f8800 'java/lang/invoke/LambdaForm$DMH+0x00000219a87f8800'
Event: 96.300 Thread 0x00000219a59676e0 Unloading class 0x00000219a87f8400 'java/lang/invoke/LambdaForm$DMH+0x00000219a87f8400'
Event: 96.300 Thread 0x00000219a59676e0 Unloading class 0x00000219a8745000 'java/lang/invoke/LambdaForm$MH+0x00000219a8745000'
Event: 96.300 Thread 0x00000219a59676e0 Unloading class 0x00000219a8744c00 'java/lang/invoke/LambdaForm$MH+0x00000219a8744c00'
Event: 96.300 Thread 0x00000219a59676e0 Unloading class 0x00000219a8744400 'java/lang/invoke/LambdaForm$MH+0x00000219a8744400'
Event: 96.300 Thread 0x00000219a59676e0 Unloading class 0x00000219a8744000 'java/lang/invoke/LambdaForm$MH+0x00000219a8744000'
Event: 96.300 Thread 0x00000219a59676e0 Unloading class 0x00000219a8743800 'java/lang/invoke/LambdaForm$MH+0x00000219a8743800'
Event: 96.300 Thread 0x00000219a59676e0 Unloading class 0x00000219a8743400 'java/lang/invoke/LambdaForm$MH+0x00000219a8743400'
Event: 96.300 Thread 0x00000219a59676e0 Unloading class 0x00000219a8742c00 'java/lang/invoke/LambdaForm$MH+0x00000219a8742c00'
Event: 96.300 Thread 0x00000219a59676e0 Unloading class 0x00000219a8742800 'java/lang/invoke/LambdaForm$MH+0x00000219a8742800'
Event: 96.300 Thread 0x00000219a59676e0 Unloading class 0x00000219a8742400 'java/lang/invoke/LambdaForm$MH+0x00000219a8742400'
Event: 96.300 Thread 0x00000219a59676e0 Unloading class 0x00000219a8741c00 'java/lang/invoke/LambdaForm$MH+0x00000219a8741c00'
Event: 96.300 Thread 0x00000219a59676e0 Unloading class 0x00000219a8741400 'java/lang/invoke/LambdaForm$BMH+0x00000219a8741400'
Event: 96.300 Thread 0x00000219a59676e0 Unloading class 0x00000219a8741000 'java/lang/invoke/LambdaForm$BMH+0x00000219a8741000'
Event: 96.300 Thread 0x00000219a59676e0 Unloading class 0x00000219a8740c00 'java/lang/invoke/LambdaForm$DMH+0x00000219a8740c00'
Event: 96.300 Thread 0x00000219a59676e0 Unloading class 0x00000219a8740800 'java/lang/invoke/LambdaForm$DMH+0x00000219a8740800'

Classes redefined (0 events):
No events

Internal exceptions (20 events):
Event: 245.137 Thread 0x00000219e2335c80 Exception <a 'sun/nio/fs/WindowsException'{0x000000075ff87000}> (0x000000075ff87000) 
thrown [s\open\src\hotspot\share\prims\jni.cpp, line 516]
Event: 245.207 Thread 0x00000219e2336190 Exception <a 'sun/nio/fs/WindowsException'{0x000000075e0d3f40}> (0x000000075e0d3f40) 
thrown [s\open\src\hotspot\share\prims\jni.cpp, line 516]
Event: 245.207 Thread 0x00000219e2336190 Exception <a 'sun/nio/fs/WindowsException'{0x000000075e0d4000}> (0x000000075e0d4000) 
thrown [s\open\src\hotspot\share\prims\jni.cpp, line 516]
Event: 245.208 Thread 0x00000219e2336190 Exception <a 'sun/nio/fs/WindowsException'{0x000000075e0d42a0}> (0x000000075e0d42a0) 
thrown [s\open\src\hotspot\share\prims\jni.cpp, line 516]
Event: 245.295 Thread 0x00000219e3bf0be0 Exception <a 'sun/nio/fs/WindowsException'{0x000000075c8ab768}> (0x000000075c8ab768) 
thrown [s\open\src\hotspot\share\prims\jni.cpp, line 516]
Event: 245.295 Thread 0x00000219e3bf0be0 Exception <a 'sun/nio/fs/WindowsException'{0x000000075c8ab828}> (0x000000075c8ab828) 
thrown [s\open\src\hotspot\share\prims\jni.cpp, line 516]
Event: 245.295 Thread 0x00000219e3bf0be0 Exception <a 'sun/nio/fs/WindowsException'{0x000000075c8abac8}> (0x000000075c8abac8) 
thrown [s\open\src\hotspot\share\prims\jni.cpp, line 516]
Event: 245.338 Thread 0x00000219e3bef290 Exception <a 'sun/nio/fs/WindowsException'{0x000000075c1efe98}> (0x000000075c1efe98) 
thrown [s\open\src\hotspot\share\prims\jni.cpp, line 516]
Event: 245.338 Thread 0x00000219e3bef290 Exception <a 'sun/nio/fs/WindowsException'{0x000000075c1eff58}> (0x000000075c1eff58) 
thrown [s\open\src\hotspot\share\prims\jni.cpp, line 516]
Event: 245.338 Thread 0x00000219e3bef290 Exception <a 'sun/nio/fs/WindowsException'{0x000000075be0a248}> (0x000000075be0a248) 
thrown [s\open\src\hotspot\share\prims\jni.cpp, line 516]
Event: 245.391 Thread 0x00000219e27753a0 Exception <a 'sun/nio/fs/WindowsException'{0x000000075b73a0c8}> (0x000000075b73a0c8) 
thrown [s\open\src\hotspot\share\prims\jni.cpp, line 516]
Event: 245.391 Thread 0x00000219e27753a0 Exception <a 'sun/nio/fs/WindowsException'{0x000000075b73a188}> (0x000000075b73a188) 
thrown [s\open\src\hotspot\share\prims\jni.cpp, line 516]
Event: 245.391 Thread 0x00000219e27753a0 Exception <a 'sun/nio/fs/WindowsException'{0x000000075b73a418}> (0x000000075b73a418) 
thrown [s\open\src\hotspot\share\prims\jni.cpp, line 516]
Event: 245.393 Thread 0x00000219e441dc30 Exception <a 'sun/nio/fs/WindowsException'{0x000000075b753e68}> (0x000000075b753e68) 
thrown [s\open\src\hotspot\share\prims\jni.cpp, line 516]
Event: 245.393 Thread 0x00000219e441dc30 Exception <a 'sun/nio/fs/WindowsException'{0x000000075b753f28}> (0x000000075b753f28) 
thrown [s\open\src\hotspot\share\prims\jni.cpp, line 516]
Event: 245.393 Thread 0x00000219e441dc30 Exception <a 'sun/nio/fs/WindowsException'{0x000000075b7541d0}> (0x000000075b7541d0) 
thrown [s\open\src\hotspot\share\prims\jni.cpp, line 516]
Event: 245.398 Thread 0x00000219e23284a0 Exception <a 'sun/nio/fs/WindowsException'{0x000000075b79f358}> (0x000000075b79f358) 
thrown [s\open\src\hotspot\share\prims\jni.cpp, line 516]
Event: 245.398 Thread 0x00000219e23284a0 Exception <a 'sun/nio/fs/WindowsException'{0x000000075b79f418}> (0x000000075b79f418) 
thrown [s\open\src\hotspot\share\prims\jni.cpp, line 516]
Event: 245.398 Thread 0x00000219e23284a0 Exception <a 'sun/nio/fs/WindowsException'{0x000000075b79f6b8}> (0x000000075b79f6b8) 
thrown [s\open\src\hotspot\share\prims\jni.cpp, line 516]
Event: 245.434 Thread 0x00000219e2773f60 Exception <a 'sun/nio/fs/WindowsException'{0x000000075b6c0200}> (0x000000075b6c0200) 
thrown [s\open\src\hotspot\share\prims\jni.cpp, line 516]

VM Operations (20 events):
Event: 242.822 Executing VM operation: G1CollectForAllocation
Event: 242.841 Executing VM operation: G1CollectForAllocation done
Event: 243.371 Executing VM operation: G1CollectForAllocation
Event: 243.373 Executing VM operation: G1CollectForAllocation done
Event: 243.373 Executing VM operation: G1CollectForAllocation
Event: 243.386 Executing VM operation: G1CollectForAllocation done
Event: 243.564 Executing VM operation: HandshakeAllThreads
Event: 243.565 Executing VM operation: HandshakeAllThreads done
Event: 243.953 Executing VM operation: G1CollectForAllocation
Event: 243.965 Executing VM operation: G1CollectForAllocation done
Event: 244.367 Executing VM operation: G1CollectForAllocation
Event: 244.380 Executing VM operation: G1CollectForAllocation done
Event: 244.755 Executing VM operation: G1CollectForAllocation
Event: 244.772 Executing VM operation: G1CollectForAllocation done
Event: 245.392 Executing VM operation: HandshakeAllThreads
Event: 245.393 Executing VM operation: HandshakeAllThreads done
Event: 245.573 Executing VM operation: G1CollectForAllocation
Event: 245.587 Executing VM operation: G1CollectForAllocation done
Event: 246.174 Executing VM operation: HandshakeAllThreads
Event: 246.175 Executing VM operation: HandshakeAllThreads done

Events (20 events):
Event: 246.317 Thread 0x00000219a59a2430 flushing nmethod 0x000002198e175990
Event: 246.317 Thread 0x00000219a59a2430 flushing nmethod 0x000002198e178c90
Event: 246.317 Thread 0x00000219a59a2430 flushing nmethod 0x000002198e1a9f90
Event: 246.317 Thread 0x00000219a59a2430 flushing nmethod 0x000002198e1c9e10
Event: 246.317 Thread 0x00000219a59a2430 flushing nmethod 0x000002198e1ca210
Event: 246.317 Thread 0x00000219a59a2430 flushing nmethod 0x000002198e1ca610
Event: 246.318 Thread 0x00000219a59a2430 flushing nmethod 0x000002198e208a10
Event: 246.318 Thread 0x00000219a59a2430 flushing nmethod 0x000002198e233010
Event: 246.318 Thread 0x00000219a59a2430 flushing nmethod 0x000002198e2cd910
Event: 246.319 Thread 0x00000219a59a2430 flushing nmethod 0x000002198e3ddd10
Event: 246.319 Thread 0x00000219a59a2430 flushing nmethod 0x000002198e3deb10
Event: 246.319 Thread 0x00000219a59a2430 flushing nmethod 0x000002198e3def90
Event: 246.319 Thread 0x00000219a59a2430 flushing nmethod 0x000002198e3f0610
Event: 246.319 Thread 0x00000219a59a2430 flushing nmethod 0x000002198e3f0b10
Event: 246.319 Thread 0x00000219a59a2430 flushing nmethod 0x000002198e40b610
Event: 246.320 Thread 0x00000219a59a2430 flushing nmethod 0x000002198e41e890
Event: 246.320 Thread 0x00000219a59a2430 flushing nmethod 0x000002198e42a390
Event: 246.320 Thread 0x00000219a59a2430 flushing nmethod 0x000002198e491290
Event: 246.320 Thread 0x00000219a59a2430 flushing nmethod 0x000002198e491810
Event: 246.320 Thread 0x00000219a59a2430 flushing nmethod 0x000002198e49dc90


Dynamic libraries:
0x00007ff6d9c50000 - 0x00007ff6d9c60000 	C:\Program Files\Java\jdk-17\bin\java.exe
0x00007ffed8f60000 - 0x00007ffed91c7000 	C:\WINDOWS\SYSTEM32\ntdll.dll
0x00007ffed7ff0000 - 0x00007ffed80b9000 	C:\WINDOWS\System32\KERNEL32.DLL
0x00007ffed5c10000 - 0x00007ffed6001000 	C:\WINDOWS\System32\KERNELBASE.dll
0x00007ffed6bb0000 - 0x00007ffed6cfb000 	C:\WINDOWS\System32\ucrtbase.dll
0x00007ffe3f170000 - 0x00007ffe3f18b000 	C:\Program Files\Java\jdk-17\bin\VCRUNTIME140.dll
0x00007ffe3f470000 - 0x00007ffe3f489000 	C:\Program Files\Java\jdk-17\bin\jli.dll
0x00007ffed7f10000 - 0x00007ffed7fcb000 	C:\WINDOWS\System32\ADVAPI32.dll
0x00007ffed7140000 - 0x00007ffed71e9000 	C:\WINDOWS\System32\msvcrt.dll
0x00007ffed6ed0000 - 0x00007ffed6f77000 	C:\WINDOWS\System32\sechost.dll
0x00007ffed7310000 - 0x00007ffed7428000 	C:\WINDOWS\System32\RPCRT4.dll
0x00007ffed7470000 - 0x00007ffed7635000 	C:\WINDOWS\System32\USER32.dll
0x00007ffed5be0000 - 0x00007ffed5c07000 	C:\WINDOWS\System32\win32u.dll
0x00007ffed7430000 - 0x00007ffed745b000 	C:\WINDOWS\System32\GDI32.dll
0x00007ffed6010000 - 0x00007ffed613b000 	C:\WINDOWS\System32\gdi32full.dll
0x00007ffed5840000 - 0x00007ffed58e3000 	C:\WINDOWS\System32\msvcp_win.dll
0x00007ffebf980000 - 0x00007ffebfc13000 	C:\WINDOWS\WinSxS\amd64_microsoft.windows.common-controls_6595b64144ccf1df_6.0.26100.8037_none_3e092faae333b53b\COMCTL32.dll
0x00007ffeccd60000 - 0x00007ffeccd6b000 	C:\WINDOWS\SYSTEM32\VERSION.dll
0x00007ffed80c0000 - 0x00007ffed80f1000 	C:\WINDOWS\System32\IMM32.DLL
0x00007ffe80bc0000 - 0x00007ffe80bcc000 	C:\Program Files\Java\jdk-17\bin\vcruntime140_1.dll
0x00007ffe19890000 - 0x00007ffe1991e000 	C:\Program Files\Java\jdk-17\bin\msvcp140.dll
0x00007ffde9b50000 - 0x00007ffdea730000 	C:\Program Files\Java\jdk-17\bin\server\jvm.dll
0x00007ffed7270000 - 0x00007ffed7278000 	C:\WINDOWS\System32\PSAPI.DLL
0x00007ffeca230000 - 0x00007ffeca265000 	C:\WINDOWS\SYSTEM32\WINMM.dll
0x00007ffece150000 - 0x00007ffece15a000 	C:\WINDOWS\SYSTEM32\WSOCK32.dll
0x00007ffed71f0000 - 0x00007ffed7264000 	C:\WINDOWS\System32\WS2_32.dll
0x00007ffed45d0000 - 0x00007ffed45eb000 	C:\WINDOWS\SYSTEM32\kernel.appcore.dll
0x00007ffe7fbb0000 - 0x00007ffe7fbba000 	C:\Program Files\Java\jdk-17\bin\jimage.dll
0x00007ffecc040000 - 0x00007ffecc282000 	C:\WINDOWS\SYSTEM32\DBGHELP.DLL
0x00007ffed82e0000 - 0x00007ffed8662000 	C:\WINDOWS\System32\combase.dll
0x00007ffed7640000 - 0x00007ffed7717000 	C:\WINDOWS\System32\OLEAUT32.dll
0x00007ffecb900000 - 0x00007ffecb93b000 	C:\WINDOWS\SYSTEM32\dbgcore.DLL
0x00007ffed5b30000 - 0x00007ffed5bd5000 	C:\WINDOWS\System32\bcryptPrimitives.dll
0x00007ffe7f930000 - 0x00007ffe7f93e000 	C:\Program Files\Java\jdk-17\bin\instrument.dll
0x00007ffe21060000 - 0x00007ffe21085000 	C:\Program Files\Java\jdk-17\bin\java.dll
0x00007ffe0d750000 - 0x00007ffe0d827000 	C:\Program Files\Java\jdk-17\bin\jsvml.dll
0x00007ffed8670000 - 0x00007ffed8dcf000 	C:\WINDOWS\System32\SHELL32.dll
0x00007ffed6a40000 - 0x00007ffed6baa000 	C:\WINDOWS\System32\wintypes.dll
0x00007ffed61d0000 - 0x00007ffed6a34000 	C:\WINDOWS\System32\windows.storage.dll
0x00007ffed6fc0000 - 0x00007ffed70b7000 	C:\WINDOWS\System32\SHCORE.dll
0x00007ffed6e00000 - 0x00007ffed6e67000 	C:\WINDOWS\System32\shlwapi.dll
0x00007ffed5760000 - 0x00007ffed5789000 	C:\WINDOWS\SYSTEM32\profapi.dll
0x00007ffe3a990000 - 0x00007ffe3a9a8000 	C:\Program Files\Java\jdk-17\bin\zip.dll
0x00007ffe207c0000 - 0x00007ffe207d9000 	C:\Program Files\Java\jdk-17\bin\net.dll
0x00007ffecf540000 - 0x00007ffecf667000 	C:\WINDOWS\SYSTEM32\WINHTTP.dll
0x00007ffed4b40000 - 0x00007ffed4bab000 	C:\WINDOWS\system32\mswsock.dll
0x00007ffe1b3f0000 - 0x00007ffe1b406000 	C:\Program Files\Java\jdk-17\bin\nio.dll
0x00007ffe7f650000 - 0x00007ffe7f660000 	C:\Program Files\Java\jdk-17\bin\verify.dll
0x00007ffe438c0000 - 0x00007ffe438e7000 	C:\Users\Admin\.gradle\native\1def1411415f61bf3af743bc5b6707747c0891f09f0c88961ee8f79bc544acac\windows-amd64\native-platform.dll
0x00007ffe12490000 - 0x00007ffe12508000 	C:\Users\Admin\.gradle\native\0.2.7\x86_64-windows-gnu\gradle-fileevents.dll
0x00007ffe6fb30000 - 0x00007ffe6fb3a000 	C:\Program Files\Java\jdk-17\bin\management.dll
0x00007ffe6f5e0000 - 0x00007ffe6f5eb000 	C:\Program Files\Java\jdk-17\bin\management_ext.dll
0x00007ffed3fa0000 - 0x00007ffed3fd3000 	C:\WINDOWS\SYSTEM32\IPHLPAPI.DLL
0x00007ffed7d60000 - 0x00007ffed7d6a000 	C:\WINDOWS\System32\NSI.dll
0x00007ffecf7c0000 - 0x00007ffecf7dd000 	C:\WINDOWS\SYSTEM32\dhcpcsvc6.DLL
0x00007ffecf790000 - 0x00007ffecf7b3000 	C:\WINDOWS\SYSTEM32\dhcpcsvc.DLL
0x00007ffed4030000 - 0x00007ffed415a000 	C:\WINDOWS\SYSTEM32\DNSAPI.dll
0x00007ffed4e20000 - 0x00007ffed4e3b000 	C:\WINDOWS\SYSTEM32\CRYPTSP.dll
0x00007ffed4530000 - 0x00007ffed4569000 	C:\WINDOWS\system32\rsaenh.dll
0x00007ffed4bf0000 - 0x00007ffed4c22000 	C:\WINDOWS\SYSTEM32\USERENV.dll
0x00007ffed5730000 - 0x00007ffed575a000 	C:\WINDOWS\SYSTEM32\bcrypt.dll
0x00007ffed4e40000 - 0x00007ffed4e4c000 	C:\WINDOWS\SYSTEM32\CRYPTBASE.dll
0x00007ffe6f450000 - 0x00007ffe6f45e000 	C:\Program Files\Java\jdk-17\bin\sunmscapi.dll
0x00007ffed59b0000 - 0x00007ffed5b27000 	C:\WINDOWS\System32\CRYPT32.dll
0x00007ffed5040000 - 0x00007ffed5070000 	C:\WINDOWS\SYSTEM32\ncrypt.dll
0x00007ffed4ff0000 - 0x00007ffed502f000 	C:\WINDOWS\SYSTEM32\NTASN1.dll
0x00007ffec57a0000 - 0x00007ffec57a8000 	C:\WINDOWS\system32\wshunix.dll
0x00007ffec10e0000 - 0x00007ffec10e7000 	C:\Program Files\Java\jdk-17\bin\rmi.dll
0x00007ffecebe0000 - 0x00007ffecebeb000 	C:\Windows\System32\rasadhlp.dll
0x00007ffecfb40000 - 0x00007ffecfbc6000 	C:\WINDOWS\System32\fwpuclnt.dll
0x00007ffed3030000 - 0x00007ffed30cf000 	C:\WINDOWS\system32\apphelp.dll
0x00007ffed46f0000 - 0x00007ffed4726000 	C:\WINDOWS\SYSTEM32\ntmarta.dll

dbghelp: loaded successfully - version: 4.0.5 - missing functions: none
symbol engine: initialized successfully - sym options: 0x614 - pdb path: .;C:\Program Files\Java\jdk-17\bin;C:\WINDOWS\SYSTEM32;C:\WINDOWS\WinSxS\amd64_microsoft.windows.common-controls_6595b64144ccf1df_6.0.26100.8037_none_3e092faae333b53b;C:\Program Files\Java\jdk-17\bin\server;C:\Users\Admin\.gradle\native\1def1411415f61bf3af743bc5b6707747c0891f09f0c88961ee8f79bc544acac\windows-amd64;C:\Users\Admin\.gradle\native\0.2.7\x86_64-windows-gnu

VM Arguments:
jvm_args: --add-opens=java.base/java.lang=ALL-UNNAMED --add-opens=java.base/java.lang.invoke=ALL-UNNAMED --add-opens=java.base/java.util=ALL-UNNAMED --add-opens=java.prefs/java.util.prefs=ALL-UNNAMED --add-exports=jdk.compiler/com.sun.tools.javac.api=ALL-UNNAMED --add-exports=jdk.compiler/com.sun.tools.javac.util=ALL-UNNAMED --add-opens=java.base/java.util=ALL-UNNAMED --add-opens=java.prefs/java.util.prefs=ALL-UNNAMED --add-opens=java.base/java.nio.charset=ALL-UNNAMED --add-opens=java.base/java.net=ALL-UNNAMED --add-opens=java.base/java.util.concurrent.atomic=ALL-UNNAMED --add-opens=java.xml/javax.xml.namespace=ALL-UNNAMED -XX:MaxMetaspaceSize=1024m -XX:+HeapDumpOnOutOfMemoryError -Xmx4096m -Dfile.encoding=windows-1252 -Duser.country=US -Duser.language=en -Duser.variant -javaagent:C:\Users\Admin\.gradle\wrapper\dists\gradle-8.14.3-bin\cv11ve7ro1n3o1j4so8xd9n66\gradle-8.14.3\lib\agents\gradle-instrumentation-agent-8.14.3.jar 
java_command: org.gradle.launcher.daemon.bootstrap.GradleDaemon 8.14.3
java_class_path (initial): C:\Users\Admin\.gradle\wrapper\dists\gradle-8.14.3-bin\cv11ve7ro1n3o1j4so8xd9n66\gradle-8.14.3\lib\gradle-daemon-main-8.14.3.jar
Launcher Type: SUN_STANDARD

[Global flags]
     intx CICompilerCount                          = 4                                         {product} {ergonomic}
   size_t CompressedClassSpaceSize                 = 872415232                                 {product} {ergonomic}
     uint ConcGCThreads                            = 3                                         {product} {ergonomic}
     uint G1ConcRefinementThreads                  = 10                                        {product} {ergonomic}
   size_t G1HeapRegionSize                         = 2097152                                   {product} {ergonomic}
    uintx GCDrainStackTargetSize                   = 64                                        {product} {ergonomic}
     bool HeapDumpOnOutOfMemoryError               = true                                   {manageable} {command line}
   size_t InitialHeapSize                          = 257949696                                 {product} {ergonomic}
   size_t MarkStackSize                            = 4194304                                   {product} {ergonomic}
   size_t MaxHeapSize                              = 4294967296                                {product} {command line}
   size_t MaxMetaspaceSize                         = 1073741824                                {product} {command line}
   size_t MaxNewSize                               = 2575302656                                {product} {ergonomic}
   size_t MinHeapDeltaBytes                        = 2097152                                   {product} {ergonomic}
   size_t MinHeapSize                              = 8388608                                   {product} {ergonomic}
    uintx NonNMethodCodeHeapSize                   = 5839372                                {pd product} {ergonomic}
    uintx NonProfiledCodeHeapSize                  = 122909434                              {pd product} {ergonomic}
    uintx ProfiledCodeHeapSize                     = 122909434                              {pd product} {ergonomic}
    uintx ReservedCodeCacheSize                    = 251658240                              {pd product} {ergonomic}
     bool SegmentedCodeCache                       = true                                      {product} {ergonomic}
   size_t SoftMaxHeapSize                          = 4294967296                             {manageable} {ergonomic}
     bool UseCompressedClassPointers               = true                           {product lp64_product} {ergonomic}
     bool UseCompressedOops                        = true                           {product lp64_product} {ergonomic}
     bool UseG1GC                                  = true                                      {product} {ergonomic}
     bool UseLargePagesIndividualAllocation        = false                                  {pd product} {ergonomic}

Logging:
Log output configuration:
 #0: stdout all=warning uptime,level,tags
 #1: stderr all=off uptime,level,tags

Environment Variables:
JAVA_HOME=C:\Program Files\Java\jdk-16.0.1
PATH=D:\Documents\9th_semester\GRADUATEEEEE\SEP490_G28_HVH_APP\node_modules\.bin;D:\Documents\9th_semester\GRADUATEEEEE\SEP490_G28_HVH_APP\node_modules\.bin;D:\Documents\9th_semester\GRADUATEEEEE\node_modules\.bin;D:\Documents\9th_semester\node_modules\.bin;D:\Documents\node_modules\.bin;D:\node_modules\.bin;C:\Program Files\nodejs\node_modules\npm\node_modules\@npmcli\run-script\lib\node-gyp-bin;C:\Program Files\ImageMagick-7.1.1-Q16-HDRI;C:\Program Files\Common Files\Oracle\Java\javapath;C:\Windows\system32;C:\Windows;C:\Windows\System32\Wbem;C:\Windows\System32\WindowsPowerShell\v1.0\;C:\Windows\System32\OpenSSH\;C:\Program Files (x86)\NVIDIA Corporation\PhysX\Common;C:\Program Files\NVIDIA Corporation\NVIDIA NvDLISR;C:\WINDOWS\system32;C:\WINDOWS;C:\WINDOWS\System32\Wbem;C:\WINDOWS\System32\WindowsPowerShell\v1.0\;C:\WINDOWS\System32\OpenSSH\;C:\Program Files\dotnet\;C:\Program Files\Git\cmd;C:\Program Files\Microsoft SQL Server\Client SDK\ODBC\170\Tools\Binn\;C:\Program Files (x86)\Microsoft SQL Server\150\Tools\Binn\;C:\Program Files\Microsoft SQL Server\150\Tools\Binn\;C:\Program Files\Microsoft SQL Server\150\DTS\Binn\;C:\Program Files (x86)\Microsoft SQL Server\160\DTS\Binn\;C:\Program Files\Docker\Docker\resources\bin;C:\Users\Admin\Downloads\ffmpeg-7.1.1-full_build\ffmpeg-7.1.1-full_build\bin;C:\Program Files\MongoDB\mongosh-2.3.9-win32-x64\mongosh-2.3.9-win32-x64\bin;C:\Program Files (x86)\MySQL\MySQL Server 8.0\bin;C:\Program Files\Java\jdk-16.0.1\bin;C:\Program Files\MySQL\MySQL Server 8.0\bin;C:\Users\Admin\AppData\Roaming\nvm;C:\Program Files\nodejs;C:\Program Files\nodejs\;C:\Users\Admin\AppData\Local\Programs\Python\Python310\Scripts\;C:\Users\Admin\AppData\Local\Programs\Python\Python310\;C:\Users\Admin\AppData\Local\Microsoft\WindowsApps;D:\Microsoft VS Code\bin;C:\Program Files\Java\jdk-17\bin;C:\Program Files (x86)\apache-maven-3.9.9-bin\apache-maven-3.9.9\bin;D:\WebStorm 2024.3.4\bin;;C:\Users\Admin\AppData\Local\Programs\cursor\resources\app\bin
USERNAME=Admin
LANG=en_US.UTF-8
OS=Windows_NT
PROCESSOR_IDENTIFIER=AMD64 Family 25 Model 80 Stepping 0, AuthenticAMD



---------------  S Y S T E M  ---------------

OS:
 Windows 11 , 64 bit Build 26100 (10.0.26100.7920)
OS uptime: 1 days 8:39 hours
Hyper-V role detected

CPU: total 12 (initial active 12) (12 cores per cpu, 2 threads per core) family 25 model 80 stepping 0 microcode 0xa500011, cx8, cmov, fxsr, ht, mmx, 3dnowpref, sse, sse2, sse3, ssse3, sse4a, sse4.1, sse4.2, popcnt, lzcnt, tsc, tscinvbit, avx, avx2, aes, erms, clmul, bmi1, bmi2, adx, sha, fma, vzeroupper, clflush, clflushopt, hv

Memory: 4k page, system-wide physical 15720M (1227M free)
TotalPageFile size 39108M (AvailPageFile size 1M)
current process WorkingSet (physical memory assigned to process): 2227M, peak: 2342M
current process commit charge ("private bytes"): 2455M, peak: 2501M

vm_info: Java HotSpot(TM) 64-Bit Server VM (17.0.11+7-LTS-207) for windows-amd64 JRE (17.0.11+7-LTS-207), built on Mar 11 2024 19:01:50 by "mach5one" with MS VC++ 17.6 (VS2022)

END.
